BdsDxe: failed to load Boot0001 "UEFI Non-Block Boot Device" from PciRoot(0x0)/Pci(0x2,0x0): Not Found
BdsDxe: loading Boot0002 "UEFI QEMU HARDDISK QM00001 " from PciRoot(0x0)/Pci(0x1F,0x2)/Sata(0x0,0xFFFF,0x0)
BdsDxe: starting Boot0002 "UEFI QEMU HARDDISK QM00001 " from PciRoot(0x0)/Pci(0x1F,0x2)/Sata(0x0,0xFFFF,0x0)
spaceboot 0.1.0: Space OS UEFI bootloader
spaceboot: kernel 434952 bytes, initrd 4300800 bytes, config 59 bytes
spaceboot: kernel 3 segments, 424 KiB at phys 0x7d4c1000, entry 0xffffffff8011d33c
spaceboot: boot image 4300800 bytes, sha256 4a2e635642536acd3777e3f4518d80b385cd71f26826a833a1b4de74e59ffb8c
spaceboot: entropy: 32 bytes from the firmware's RNG protocol
spaceboot: linear map 8196 MiB of RAM below 0x280000000 at 0xffff800000000000 (device MMIO excluded), framebuffer 1280x800 @ 0x80000000
spaceboot: exiting boot services and jumping to kernel

spacekernel 0.1.0: Space OS kernel booting
[status] kernel alive
[kernel] gdt/tss loaded (IST stacks: double fault, NMI, debug, machine check)
[kernel] idt loaded (256 vectors)
[kernel] fpu: x87 and SSE per thread through FXSAVE, 512 bytes
[kernel] cpu: RDRAND absent
[kernel] boot info v3 accepted: 720 bytes, 37 memory regions, 6 reservations, initrd 4300800 bytes, cmdline 0 bytes, rsdp 0x7f77e014
[kernel]   reserved 0x7d4c1000..0x7d52b000 (424 KiB): kernel image
[kernel]   reserved 0x7d0a7000..0x7d4c1000 (4200 KiB): boot image
[kernel]   reserved 0x7d097000..0x7d0a7000 (64 KiB): boot stack
[kernel]   reserved 0x7d096000..0x7d097000 (4 KiB): boot info
[kernel]   reserved 0x7d086000..0x7d096000 (64 KiB): memory map
[kernel]   reserved 0x7d060000..0x7d078000 (96 KiB): page tables
[kernel] boot image: sha256 4a2e635642536acd3777e3f4518d80b385cd71f26826a833a1b4de74e59ffb8c as the bootloader measured it
[kernel] boot slot: normal; boots are not counted
[kernel] boot entropy: 32 bytes from the firmware's RNG protocol, mixed in and never counted as a source
[kernel] frames: 2094240 usable (8180 MiB), bitmap 320 KiB at 0x100000; reserved 12547 MiB, kernel 4 MiB, acpi 2 MiB, mmio 4 MiB
[kernel] paging: kernel PML4 at 0x6000; linear map 10 GiB at 0xffff800000000000; boot identity map dropped
[kernel] heap: 16 MiB at 0xffff900000000000
[kernel] kernel stacks: 4096 slots of 64 KiB (32 KiB mapped) at 0xffffa00000000000
[kernel] mmio window: 1024 MiB at 0xffffb00000000000
[kernel] memory: 8180 MiB usable, 8164 MiB free after kernel init
[kernel] boot context moved to a guarded kernel stack (top 0xffffa00000010000)
[kernel] framebuffer: 1280x800 (BGRX), text console 182x50
[kernel] initrd: 4300800 bytes, 34 files
[kernel]   bin/init (627680 bytes)
[kernel]   bin/hello (21064 bytes)
[kernel]   bin/fault (25168 bytes)
[kernel]   bin/fpu (37520 bytes)
[kernel]   bin/abi_negative (53912 bytes)
[kernel]   bin/ipc_echo (21064 bytes)
[kernel]   bin/quota (25160 bytes)
[kernel]   bin/spin (21064 bytes)
[kernel]   bin/pingpong (21064 bytes)
[kernel]   bin/worker (29296 bytes)
[kernel]   bin/blocker (25176 bytes)
[kernel]   bin/spacecompute (49912 bytes)
[kernel]   bin/spaceai (78640 bytes)
[kernel]   bin/spaceshell (62200 bytes)
[kernel]   bin/uiworker (21064 bytes)
[kernel]   bin/spacebroker (53936 bytes)
[kernel]   bin/spaceagent (45776 bytes)
[kernel]   bin/spacelink (66264 bytes)
[kernel]   bin/spacepkg (49792 bytes)
[kernel]   bin/spaceterm (37560 bytes)
[kernel]   bin/spacenet (119504 bytes)
[kernel]   bin/tlsprobe (1069928 bytes)
[kernel]   bin/spacecloud (1184632 bytes)
[kernel]   bin/churn (25168 bytes)
[kernel]   bin/sched (25160 bytes)
[kernel]   bin/spacetask (70320 bytes)
[kernel]   bin/taskworker (37544 bytes)
[kernel]   bin/spacedesk (115440 bytes)
[kernel]   bin/deskapps (127728 bytes)
[kernel]   bin/spacerecovery (58056 bytes)
[kernel]   fixtures/bad_entry (21064 bytes)
[kernel]   fixtures/bad_magic (21064 bytes)
[kernel]   fixtures/truncated (600 bytes)
[kernel]   fixtures/huge_segment (21064 bytes)
[kernel] pci: 8 functions present
[kernel] virtio-blk: pci 00:02.0 queue size 4 (max 4), 2 data pages/request, writable with flush, status 0xf
[kernel] virtio-blk: ready, 64 MiB (131072 sectors)
[kernel] ahci: 00:1f.2 port 0: "QEMU HARDDISK", 64 MiB, AHCI 1.0
[kernel] block: virtio-blk 00:02.0 (64 MiB) holds the data volume (the whole disk)
[kernel] block: AHCI 00:1f.2 port 0 (64 MiB): MBR with 1 partition(s), none labelled SPACEDATA; not used
[kernel] virtio-net: pci 00:04.0 mac 52:54:00:12:34:56 (from device), 32 receive and 32 transmit buffers, link up, status 0xf
[kernel] virtio-rng: pci 00:03.0 queue size 4, status 0xf
[kernel] entropy: virtio-rng; boot entropy from the firmware mixed in, not counted
[kernel] vfs: FAT32 mounted from virtio-blk 00:02.0 (512 byte clusters, 64 MiB volume)
[kernel] vfs: volume is writable
[kernel] pic remapped to vectors 32..47
[kernel] console input: keyboard (IRQ1); no COM2 UART
[kernel] pit: 1000 Hz (divisor 1193)
[kernel] syscall/sysret enabled (ABI v0)
[kernel] clock: ACPI PM timer at 3579545 Hz, 24 bits
[kernel] scheduler: 1000 Hz tick, 10 ms quantum, 3 service classes (a class waits at most 100 ms)
[kernel] rtc: 1791301649 s since the Unix epoch (UTC)
[kernel] selftest: heap ok, frames ok, paging ok, address-space ok, input decoding ok
[kernel] power: ACPI S5 through PM1a_CNT 0x604 (SLP_TYP 0)
[kernel] smp: 4 CPUs online (boot CPU local APIC 0; started 1 2 3), xAPIC APIC mode, AP timer 100 Hz (624840 counts)
[kernel] spawn pid 1 'bin/init': entry=0x4707c0, 169 pages mapped, quota 2048 pages, interactive
[kernel] init spawned as pid 1 from bin/init
[status] user-space alive: pid 1 (bin/init) made the first system call
[kernel] entering idle loop; scheduler live
[init] Space OS init running: pid 1, ABI v0, quota 2048 pages (169 used)
[init] storage: FAT32 volume mounted
[init] network: a network card is present
[kernel] display: leased to pid 1 'bin/init'; the console goes on on the serial port
[kernel] display: returned to the console
[init] display: framebuffer present
[init] --- K01: boot reached init in user space
[init] kernel: 8163 MiB frames free of 8180, heap 14 KiB used, uptime 139 ms
[init] PASS K01: boot reached init in user space
[init] --- K02: hello world process exits 0
[kernel] spawn pid 2 'bin/hello': entry=0x4003c4, 21 pages mapped, quota 128 pages, interactive
[hello] hello from user space, pid 2 (21 of 128 pages used)
[kernel] pid 2 'bin/hello' exited with code 0
[init] PASS K02: hello world process exits 0
[init] --- K02: spawn of a missing program is rejected
[init] PASS K02: spawn of a missing program is rejected
[init] --- K02: spawn beyond quota is rejected
[init] PASS K02: spawn beyond quota is rejected
[init] --- K02: write to kernel memory kills the process (page fault)
[kernel] spawn pid 3 'bin/fault': entry=0x400864, 22 pages mapped, quota 128 pages, interactive
[fault] pid 3 performing 'kernel_write'
[kernel] pid 3 'bin/fault' killed: page fault at rip=0x40048e (error=0x7, addr=0xffff800000000000)
[kernel] pid 3 'bin/fault' killed (page fault, addr 0xffff800000000000)
[init] PASS K02: write to kernel memory kills the process (page fault)
[init] --- K02: null read kills the process (page fault)
[kernel] spawn pid 4 'bin/fault': entry=0x400864, 22 pages mapped, quota 128 pages, interactive
[fault] pid 4 performing 'null_read'
[kernel] pid 4 'bin/fault' killed: page fault at rip=0x400260 (error=0x4, addr=0x0)
[kernel] pid 4 'bin/fault' killed (page fault, addr 0x0)
[init] PASS K02: null read kills the process (page fault)
[init] --- K02: executing the NX stack kills the process (page fault)
[kernel] spawn pid 5 'bin/fault': entry=0x400864, 22 pages mapped, quota 128 pages, interactive
[fault] pid 5 performing 'nx_exec'
[kernel] pid 5 'bin/fault' killed: page fault at rip=0x7fffefffff98 (error=0x15, addr=0x7fffefffff98)
[kernel] pid 5 'bin/fault' killed (page fault, addr 0x7fffefffff98)
[init] PASS K02: executing the NX stack kills the process (page fault)
[init] --- K02: divide by zero kills the process
[kernel] spawn pid 6 'bin/fault': entry=0x400864, 22 pages mapped, quota 128 pages, interactive
[fault] pid 6 performing 'div_zero'
[kernel] pid 6 'bin/fault' killed: divide error at rip=0x4003e5 (error=0x0, addr=0x4003e5)
[kernel] pid 6 'bin/fault' killed (divide error, addr 0x4003e5)
[init] PASS K02: divide by zero kills the process
[init] --- K02: undefined instruction kills the process
[kernel] spawn pid 7 'bin/fault': entry=0x400864, 22 pages mapped, quota 128 pages, interactive
[fault] pid 7 performing 'ud2'
[kernel] pid 7 'bin/fault' killed: invalid opcode at rip=0x400480 (error=0x0, addr=0x400480)
[kernel] pid 7 'bin/fault' killed (invalid opcode, addr 0x400480)
[init] PASS K02: undefined instruction kills the process
[init] --- K02: privileged instruction in ring 3 kills the process (#GP)
[kernel] spawn pid 8 'bin/fault': entry=0x400864, 22 pages mapped, quota 128 pages, interactive
[fault] pid 8 performing 'cli'
[kernel] pid 8 'bin/fault' killed: general protection fault at rip=0x40018d (error=0x0, addr=0x40018d)
[kernel] pid 8 'bin/fault' killed (general protection fault, addr 0x40018d)
[init] PASS K02: privileged instruction in ring 3 kills the process (#GP)
[init] --- C01: writing through a read-only memory-object mapping kills the process
[kernel] spawn pid 9 'bin/fault': entry=0x400864, 22 pages mapped, quota 128 pages, interactive
[fault] pid 9 performing 'ro_vmo_write'
[kernel] pid 9 'bin/fault' killed: page fault at rip=0x40036f (error=0x7, addr=0x1000000000)
[kernel] pid 9 'bin/fault' killed (page fault, addr 0x1000000000)
[init] PASS C01: writing through a read-only memory-object mapping kills the process
[init] --- K02: int3 in ring 3 kills the process (breakpoint)
[kernel] spawn pid 10 'bin/fault': entry=0x400864, 22 pages mapped, quota 128 pages, interactive
[fault] pid 10 performing 'int3'
[kernel] pid 10 'bin/fault' killed: breakpoint at rip=0x4002c3 (error=0x0, addr=0x4002c3)
[kernel] pid 10 'bin/fault' killed (breakpoint, addr 0x4002c3)
[init] PASS K02: int3 in ring 3 kills the process (breakpoint)
[init] --- K03: FP/SIMD registers are each process's own: six processes keep their patterns through preemption and sleeps
[kernel] spawn pid 11 'bin/fpu': entry=0x4012f4, 25 pages mapped, quota 128 pages, interactive
[kernel] spawn pid 12 'bin/fpu': entry=0x4012f4, 25 pages mapped, quota 128 pages, interactive
[kernel] spawn pid 13 'bin/fpu': entry=0x4012f4, 25 pages mapped, quota 128 pages, interactive
[kernel] spawn pid 14 'bin/fpu': entry=0x4012f4, 25 pages mapped, quota 128 pages, interactive
[kernel] spawn pid 15 'bin/fpu': entry=0x4012f4, 25 pages mapped, quota 128 pages, interactive
[kernel] spawn pid 16 'bin/fpu': entry=0x4012f4, 25 pages mapped, quota 128 pages, interactive
[fpu] pattern 1: XMM0-15, MXCSR, the x87 control word and the x87 stack held through 472 checks in 400 ms
[fpu] pattern 2: XMM0-15, MXCSR, the x87 control word and the x87 stack held through 503 checks in 400 ms
[fpu] pattern 3: XMM0-15, MXCSR, the x87 control word and the x87 stack held through 478 checks in 400 ms
[kernel] pid 11 'bin/fpu' exited with code 0
[kernel] pid 13 'bin/fpu' exited with code 0
[kernel] pid 12 'bin/fpu' exited with code 0
[fpu] pattern 4: XMM0-15, MXCSR, the x87 control word and the x87 stack held through 496 checks in 400 ms
[fpu] pattern 5: XMM0-15, MXCSR, the x87 control word and the x87 stack held through 524 checks in 400 ms
[kernel] pid 14 'bin/fpu' exited with code 0
[fpu] pattern 6: XMM0-15, MXCSR, the x87 control word and the x87 stack held through 452 checks in 400 ms
[kernel] pid 15 'bin/fpu' exited with code 0
[kernel] pid 16 'bin/fpu' exited with code 0
[init] PASS K03: FP/SIMD registers are each process's own: six processes keep their patterns through preemption and sleeps
[init] --- K03: a new process starts with every FP/SIMD register in its initial state
[kernel] spawn pid 17 'bin/fpu': entry=0x4012f4, 25 pages mapped, quota 128 pages, interactive
[fpu] fresh: x87, MXCSR and XMM0-15 in the initial state
[kernel] pid 17 'bin/fpu' exited with code 0
[init] PASS K03: a new process starts with every FP/SIMD register in its initial state
[init] SKIP K01: an unmasked SSE exception kills only the process (SIMD floating point) (QEMU TCG never raises #XM: it sets the MXCSR flag and carries on)
[init] --- K01: an unmasked x87 exception kills only the process (x87 floating point)
[kernel] spawn pid 18 'bin/fault': entry=0x400864, 22 pages mapped, quota 128 pages, interactive
[fault] pid 18 performing 'x87_fp'
[kernel] pid 18 'bin/fault' killed: x87 floating point at rip=0x40023c (error=0x0, addr=0x40023c)
[kernel] pid 18 'bin/fault' killed (x87 floating-point exception, addr 0x40023c)
[init] PASS K01: an unmasked x87 exception kills only the process (x87 floating point)
[init] --- K02: TF set before syscall: kernel survives the ring-0 #DB, process is terminated
[kernel] spawn pid 19 'bin/fault': entry=0x400864, 22 pages mapped, quota 128 pages, interactive
[fault] pid 19 performing 'tf_syscall'
[kernel] pid 19 'bin/fault' killed: debug at rip=0x4002fa (error=0x0, addr=0x4002fa)
[kernel] pid 19 'bin/fault' killed (debug trap, addr 0x4002fa)
[init] PASS K02: TF set before syscall: kernel survives the ring-0 #DB, process is terminated
[init] --- K02: jump to a kernel address kills the process (page fault)
[kernel] spawn pid 20 'bin/fault': entry=0x400864, 22 pages mapped, quota 128 pages, interactive
[fault] pid 20 performing 'kernel_rip_jump'
[kernel] pid 20 'bin/fault' killed: page fault at rip=0xffffffff80100000 (error=0x15, addr=0xffffffff80100000)
[kernel] pid 20 'bin/fault' killed (page fault, addr 0xffffffff80100000)
[init] PASS K02: jump to a kernel address kills the process (page fault)
[init] --- K02: jump to a non-canonical address kills the process (#GP on hardware, #PF on TCG)
[kernel] spawn pid 21 'bin/fault': entry=0x400864, 22 pages mapped, quota 128 pages, interactive
[fault] pid 21 performing 'noncanon_rip_jump'
[kernel] pid 21 'bin/fault' killed: page fault at rip=0x800000000000 (error=0x15, addr=0x800000000000)
[kernel] pid 21 'bin/fault' killed (page fault, addr 0x800000000000)
[init] PASS K02: jump to a non-canonical address kills the process (#GP on hardware, #PF on TCG)
[init] --- K02: syscall with a non-canonical user rsp returns normally
[kernel] spawn pid 22 'bin/fault': entry=0x400864, 22 pages mapped, quota 128 pages, interactive
[fault] pid 22 performing 'noncanon_rsp_syscall'
[fault] syscall with a hostile rsp returned ticks=788
[kernel] pid 22 'bin/fault' exited with code 0
[init] PASS K02: syscall with a non-canonical user rsp returns normally
[init] --- K02: syscall with rsp pointing into the kernel returns normally
[kernel] spawn pid 23 'bin/fault': entry=0x400864, 22 pages mapped, quota 128 pages, interactive
[fault] pid 23 performing 'kernel_rsp_syscall'
[fault] syscall with a hostile rsp returned ticks=805
[kernel] pid 23 'bin/fault' exited with code 0
[init] PASS K02: syscall with rsp pointing into the kernel returns normally
[init] --- K02: malformed executables are rejected (bad entry, bad magic, truncated, huge segment)
[init] PASS K02: malformed executables are rejected (bad entry, bad magic, truncated, huge segment)
[init] --- K02: kernel pointer passed to a syscall is rejected, not dereferenced
[kernel] spawn pid 24 'bin/fault': entry=0x400864, 22 pages mapped, quota 128 pages, interactive
[fault] pid 24 performing 'kernel_syscall_ptr'
[kernel] pid 24 'bin/fault' exited with code 0
[init] PASS K02: kernel pointer passed to a syscall is rejected, not dereferenced
[init] --- K02: syscall ABI negative tests (handles, rights, pointers)
[kernel] spawn pid 25 'bin/abi_negative': entry=0x404094, 29 pages mapped, quota 128 pages, interactive
[abi] syscall negative tests
[abi]   ok   unknown syscall: NoSys
[abi]   ok   syscall number just past the table: NoSys
[abi]   ok   send on bad handle: BadHandle
[abi]   ok   wait on bad handle: BadHandle
[abi]   ok   kstats via channel handle: Denied
[abi]   ok   cmdline via channel handle: Denied
[abi]   ok   spawn via channel handle: Denied
[abi]   ok   wait on channel handle: Denied
[abi]   ok   log from kernel address: Fault
[abi]   ok   log from unmapped user page: Fault
[abi]   ok   log crossing end of user space: Fault
[abi]   ok   recv with bad args pointer: Fault
[abi]   ok   recv into kernel buffer: Fault
[abi]   ok   log of an empty buffer at address 0
[abi]   ok   send of an empty message from address 0
[abi]   ok   recv of the empty message
[abi]   ok   handle table filled after 253 dups, then TooManyHandles
[abi]   ok   dup works again after closing the spares
[abi]   ok   vmo of zero bytes: Invalid
[abi]   ok   vmo larger than the ABI limit: Invalid
[abi]   ok   vmo_map on a channel handle: Denied
[abi]   ok   vmo_size on a channel handle: Denied
[abi]   ok   vmo_size reports the requested length
[abi]   ok   memory object is readable and writable when mapped
[abi]   ok   map a handle that lacks WRITE
[abi]   ok   map without the MAP right: Denied
[abi]   ok   unmap with a wrong length: Invalid
[abi]   ok   unmap the memory object
[abi]   ok   unmap of unmapped range: Invalid
[abi]   ok   map of zero bytes: Invalid
[abi]   ok   map with unknown flags: Invalid
[abi]   ok   oversized message: MsgSize
[abi]   ok   transfer the sending handle itself: Invalid
[abi]   ok   transfer the peer endpoint through its own channel: Invalid
[abi]   ok   transfer a duplicate of the sending endpoint: Invalid
[abi]   ok   rejected transfer leaves the handle in place
[abi]   ok   dup with RECV only
[abi]   ok   send on RECV-only dup: Denied
[abi]   ok   dup of a handle without DUP right: Denied
[abi]   ok   dup carries exactly RECV
[abi]   ok   transfer a handle without TRANSFER right: Denied
[abi]   ok   nonblocking recv on empty channel: WouldBlock
[abi]   ok   recv into too-small buffer: MsgSize
[abi]   ok   message survived the MsgSize rejection
[abi]   ok   recv after peer closed: PeerClosed
[abi]   ok   send after peer closed: PeerClosed
[abi]   ok   handle_info on closed handle: BadHandle
[abi]   ok   double close: BadHandle
[abi]   ok   0x401's slot was reused as 0x501, a different handle
[abi]   ok   handle_info on a closed handle whose slot was reused: BadHandle
[abi]   ok   send on a closed handle whose slot was reused: BadHandle
[abi]   ok   close of a closed handle whose slot was reused: BadHandle
[abi]   ok   shutdown without root: BadHandle
[abi]   ok   debug without root: BadHandle
[abi] done: 0 failure(s)
[kernel] pid 25 'bin/abi_negative' exited with code 0
[init] PASS K02: syscall ABI negative tests (handles, rights, pointers)
[init] --- K02: IPC echo round trips and handle transfer
[kernel] spawn pid 26 'bin/ipc_echo': entry=0x400684, 21 pages mapped, quota 128 pages, interactive
[echo] received handle 1 with 'reply here', replying on it
[echo] parent closed the channel after 3 messages; exiting
[kernel] pid 26 'bin/ipc_echo' exited with code 0
[init] PASS K02: IPC echo round trips and handle transfer
[init] --- K02: timer: sleep(50 ms) advances the clock
[init] PASS K02: timer: sleep(50 ms) advances the clock
[init] --- K02: runaway process is preempted and can be killed
[kernel] spawn pid 27 'bin/spin': entry=0x400324, 21 pages mapped, quota 128 pages, interactive
[spin] spinning forever without syscalls
[kernel] pid 27 'bin/spin' killed (killed, addr 0x0)
[init] PASS K02: runaway process is preempted and can be killed
[init] --- K02: service classes: a child is never more urgent than its parent, and runs in its parent's class unless asked otherwise
[kernel] spawn pid 28 'bin/sched': entry=0x400694, 22 pages mapped, quota 128 pages, background
[kernel] spawn pid 29 'bin/sched': entry=0x400694, 22 pages mapped, quota 64 pages, background
[kernel] pid 29 'bin/sched' exited with code 3
[kernel] spawn pid 30 'bin/sched': entry=0x400694, 22 pages mapped, quota 64 pages, background
[kernel] pid 30 'bin/sched' exited with code 3
[sched] background: more urgent children Denied, class 4 Invalid, a child without a class runs in the background
[kernel] pid 28 'bin/sched' exited with code 0
[init] PASS K02: service classes: a child is never more urgent than its parent, and runs in its parent's class unless asked otherwise
[init] --- K02: service classes: an interactive round trip stays quick while background work fills every CPU
[kernel] spawn pid 31 'bin/spin': entry=0x400324, 21 pages mapped, quota 128 pages, background
[spin] spinning forever without syscalls
[kernel] spawn pid 32 'bin/spin': entry=0x400324, 21 pages mapped, quota 128 pages, background
[spin] spinning forever without syscalls
[kernel] spawn pid 33 'bin/spin': entry=0x400324, 21 pages mapped, quota 128 pages, background
[spin] spinning forever without syscalls
[kernel] spawn pid 34 'bin/spin': entry=0x400324, 21 pages mapped, quota 128 pages, background
[kernel] spawn pid 35 'bin/spin': entry=0x400324, 21 pages mapped, quota 128 pages, background
[kernel] spawn pid 36 'bin/spin': entry=0x400324, 21 pages mapped, quota 128 pages, background
[spin] spinning forever without syscalls
[spin] spinning forever without syscalls
[kernel] spawn pid 37 'bin/spin': entry=0x400324, 21 pages mapped, quota 128 pages, background
[kernel] spawn pid 38 'bin/spin': entry=0x400324, 21 pages mapped, quota 128 pages, background
[kernel] spawn pid 39 'bin/ipc_echo': entry=0x400684, 21 pages mapped, quota 128 pages, interactive
[spin] spinning forever without syscalls
[spin] spinning forever without syscalls
[spin] spinning forever without syscalls
[echo] parent closed the channel after 210 messages; exiting
[kernel] pid 39 'bin/ipc_echo' exited with code 0
[kernel] pid 36 'bin/spin' killed (killed, addr 0x0)
[kernel] pid 37 'bin/spin' killed (killed, addr 0x0)
[kernel] pid 34 'bin/spin' killed (killed, addr 0x0)
[kernel] pid 38 'bin/spin' killed (killed, addr 0x0)
[kernel] pid 32 'bin/spin' killed (killed, addr 0x0)
[kernel] pid 35 'bin/spin' killed (killed, addr 0x0)
[kernel] pid 31 'bin/spin' killed (killed, addr 0x0)
[kernel] pid 33 'bin/spin' killed (killed, addr 0x0)
[init] classes: 200 interactive round trips beside 8 background spinners on 4 CPU(s): p50 0 ms, p95 0 ms, p99 5 ms, max 5 ms
[init] PASS K02: service classes: an interactive round trip stays quick while background work fills every CPU
[init] --- K02: service classes: an interactive thread woken by the timer takes a CPU from background work at once
[kernel] spawn pid 40 'bin/spin': entry=0x400324, 21 pages mapped, quota 128 pages, background
[spin] spinning forever without syscalls
[kernel] spawn pid 41 'bin/spin': entry=0x400324, 21 pages mapped, quota 128 pages, background
[spin] spinning forever without syscalls
[kernel] spawn pid 42 'bin/spin': entry=0x400324, 21 pages mapped, quota 128 pages, background
[spin] spinning forever without syscalls
[kernel] spawn pid 43 'bin/spin': entry=0x400324, 21 pages mapped, quota 128 pages, background
[kernel] spawn pid 44 'bin/spin': entry=0x400324, 21 pages mapped, quota 128 pages, background
[spin] spinning forever without syscalls
[kernel] spawn pid 45 'bin/spin': entry=0x400324, 21 pages mapped, quota 128 pages, background
[kernel] spawn pid 46 'bin/spin': entry=0x400324, 21 pages mapped, quota 128 pages, background
[kernel] spawn pid 47 'bin/spin': entry=0x400324, 21 pages mapped, quota 128 pages, background
[spin] spinning forever without syscalls
[spin] spinning forever without syscalls
[spin] spinning forever without syscalls
[spin] spinning forever without syscalls
[kernel] pid 46 'bin/spin' killed (killed, addr 0x0)
[kernel] pid 41 'bin/spin' killed (killed, addr 0x0)
[kernel] pid 45 'bin/spin' killed (killed, addr 0x0)
[kernel] pid 44 'bin/spin' killed (killed, addr 0x0)
[kernel] pid 40 'bin/spin' killed (killed, addr 0x0)
[kernel] pid 47 'bin/spin' killed (killed, addr 0x0)
[kernel] pid 42 'bin/spin' killed (killed, addr 0x0)
[kernel] pid 43 'bin/spin' killed (killed, addr 0x0)
[init] classes: 100 interactive sleeps of 1-4 ms beside 8 background spinners on 4 CPU(s): woken late by p50 0 ms, p90 0 ms, max 8 ms
[init] PASS K02: service classes: an interactive thread woken by the timer takes a CPU from background work at once
[init] --- K02: service classes: background work still runs while interactive work fills every CPU
[kernel] spawn pid 48 'bin/spin': entry=0x400324, 21 pages mapped, quota 128 pages, interactive
[spin] spinning forever without syscalls
[kernel] spawn pid 49 'bin/spin': entry=0x400324, 21 pages mapped, quota 128 pages, interactive
[spin] spinning forever without syscalls
[kernel] spawn pid 50 'bin/spin': entry=0x400324, 21 pages mapped, quota 128 pages, interactive
[spin] spinning forever without syscalls
[kernel] spawn pid 51 'bin/spin': entry=0x400324, 21 pages mapped, quota 128 pages, interactive
[kernel] spawn pid 52 'bin/spin': entry=0x400324, 21 pages mapped, quota 128 pages, interactive
[spin] spinning forever without syscalls
[kernel] spawn pid 53 'bin/spin': entry=0x400324, 21 pages mapped, quota 128 pages, interactive
[spin] spinning forever without syscalls
[kernel] spawn pid 54 'bin/spin': entry=0x400324, 21 pages mapped, quota 128 pages, interactive
[kernel] spawn pid 55 'bin/spin': entry=0x400324, 21 pages mapped, quota 128 pages, interactive
[kernel] spawn pid 56 'bin/hello': entry=0x4003c4, 21 pages mapped, quota 128 pages, background
[spin] spinning forever without syscalls
[spin] spinning forever without syscalls
[spin] spinning forever without syscalls
[hello] hello from user space, pid 56 (21 of 128 pages used)
[kernel] pid 56 'bin/hello' exited with code 0
[kernel] pid 50 'bin/spin' killed (killed, addr 0x0)
[kernel] pid 55 'bin/spin' killed (killed, addr 0x0)
[kernel] pid 51 'bin/spin' killed (killed, addr 0x0)
[kernel] pid 49 'bin/spin' killed (killed, addr 0x0)
[kernel] pid 53 'bin/spin' killed (killed, addr 0x0)
[kernel] pid 52 'bin/spin' killed (killed, addr 0x0)
[kernel] pid 48 'bin/spin' killed (killed, addr 0x0)
[kernel] pid 54 'bin/spin' killed (killed, addr 0x0)
[init] classes: a background program finished in 133 ms beside 8 interactive spinners on 4 CPU(s)
[init] PASS K02: service classes: background work still runs while interactive work fills every CPU
[init] --- K02: two processes run at the same time on different CPUs
[kernel] spawn pid 57 'bin/pingpong': entry=0x400404, 21 pages mapped, quota 128 pages, interactive
[kernel] pid 57 'bin/pingpong' exited with code 0
[init] smp: 4 CPUs; 200 turns through shared memory, no system call, in 2 ms
[init] PASS K02: two processes run at the same time on different CPUs
[init] --- K03: memory quota is enforced and reusable
[kernel] spawn pid 58 'bin/quota': entry=0x400904, 22 pages mapped, quota 100 pages, interactive
[quota] quota 100 pages, 22 used before test
[quota] mapped 4 chunks of 16 pages, then got Quota (expected 4 chunks)
[quota] ok: quota enforced at 100 pages and fully reusable
[kernel] pid 58 'bin/quota' exited with code 0
[init] PASS K03: memory quota is enforced and reusable
[init] --- K03: a process that maps and unmaps 2 MiB 50 times ends up where it started
[init] map/unmap 2 MiB: frames free 2089725 -> 2089725, heap used 15296 -> 15296, live processes 1
[init] PASS K03: a process that maps and unmaps 2 MiB 50 times ends up where it started
[init] --- K03: 50 spawn/exit cycles leak no frames and no kernel heap
[kernel] spawn pid 59 'bin/worker': entry=0x400208, 23 pages mapped, quota 128 pages, interactive
[kernel] pid 59 'bin/worker' exited with code 0
[kernel] spawn pid 60 'bin/worker': entry=0x400208, 23 pages mapped, quota 128 pages, interactive
[kernel] pid 60 'bin/worker' exited with code 0
[kernel] spawn pid 61 'bin/worker': entry=0x400208, 23 pages mapped, quota 128 pages, interactive
[kernel] pid 61 'bin/worker' exited with code 0
[kernel] spawn pid 62 'bin/worker': entry=0x400208, 23 pages mapped, quota 128 pages, interactive
[kernel] pid 62 'bin/worker' exited with code 0
[kernel] spawn pid 63 'bin/worker': entry=0x400208, 23 pages mapped, quota 128 pages, interactive
[kernel] pid 63 'bin/worker' exited with code 0
[kernel] spawn pid 64 'bin/worker': entry=0x400208, 23 pages mapped, quota 128 pages, interactive
[kernel] pid 64 'bin/worker' exited with code 0
[kernel] spawn pid 65 'bin/worker': entry=0x400208, 23 pages mapped, quota 128 pages, interactive
[kernel] pid 65 'bin/worker' exited with code 0
[kernel] spawn pid 66 'bin/worker': entry=0x400208, 23 pages mapped, quota 128 pages, interactive
[kernel] pid 66 'bin/worker' exited with code 0
[kernel] spawn pid 67 'bin/worker': entry=0x400208, 23 pages mapped, quota 128 pages, interactive
[kernel] pid 67 'bin/worker' exited with code 0
[kernel] spawn pid 68 'bin/worker': entry=0x400208, 23 pages mapped, quota 128 pages, interactive
[kernel] pid 68 'bin/worker' exited with code 0
[kernel] spawn pid 69 'bin/worker': entry=0x400208, 23 pages mapped, quota 128 pages, interactive
[kernel] pid 69 'bin/worker' exited with code 0
[kernel] spawn pid 70 'bin/worker': entry=0x400208, 23 pages mapped, quota 128 pages, interactive
[kernel] pid 70 'bin/worker' exited with code 0
[kernel] spawn pid 71 'bin/worker': entry=0x400208, 23 pages mapped, quota 128 pages, interactive
[kernel] pid 71 'bin/worker' exited with code 0
[kernel] spawn pid 72 'bin/worker': entry=0x400208, 23 pages mapped, quota 128 pages, interactive
[kernel] pid 72 'bin/worker' exited with code 0
[kernel] spawn pid 73 'bin/worker': entry=0x400208, 23 pages mapped, quota 128 pages, interactive
[kernel] pid 73 'bin/worker' exited with code 0
[kernel] spawn pid 74 'bin/worker': entry=0x400208, 23 pages mapped, quota 128 pages, interactive
[kernel] pid 74 'bin/worker' exited with code 0
[kernel] spawn pid 75 'bin/worker': entry=0x400208, 23 pages mapped, quota 128 pages, interactive
[kernel] pid 75 'bin/worker' exited with code 0
[kernel] spawn pid 76 'bin/worker': entry=0x400208, 23 pages mapped, quota 128 pages, interactive
[kernel] pid 76 'bin/worker' exited with code 0
[kernel] spawn pid 77 'bin/worker': entry=0x400208, 23 pages mapped, quota 128 pages, interactive
[kernel] pid 77 'bin/worker' exited with code 0
[kernel] spawn pid 78 'bin/worker': entry=0x400208, 23 pages mapped, quota 128 pages, interactive
[kernel] pid 78 'bin/worker' exited with code 0
[kernel] spawn pid 79 'bin/worker': entry=0x400208, 23 pages mapped, quota 128 pages, interactive
[kernel] pid 79 'bin/worker' exited with code 0
[kernel] spawn pid 80 'bin/worker': entry=0x400208, 23 pages mapped, quota 128 pages, interactive
[kernel] pid 80 'bin/worker' exited with code 0
[kernel] spawn pid 81 'bin/worker': entry=0x400208, 23 pages mapped, quota 128 pages, interactive
[kernel] pid 81 'bin/worker' exited with code 0
[kernel] spawn pid 82 'bin/worker': entry=0x400208, 23 pages mapped, quota 128 pages, interactive
[kernel] pid 82 'bin/worker' exited with code 0
[kernel] spawn pid 83 'bin/worker': entry=0x400208, 23 pages mapped, quota 128 pages, interactive
[kernel] pid 83 'bin/worker' exited with code 0
[kernel] spawn pid 84 'bin/worker': entry=0x400208, 23 pages mapped, quota 128 pages, interactive
[kernel] pid 84 'bin/worker' exited with code 0
[kernel] spawn pid 85 'bin/worker': entry=0x400208, 23 pages mapped, quota 128 pages, interactive
[kernel] pid 85 'bin/worker' exited with code 0
[kernel] spawn pid 86 'bin/worker': entry=0x400208, 23 pages mapped, quota 128 pages, interactive
[kernel] pid 86 'bin/worker' exited with code 0
[kernel] spawn pid 87 'bin/worker': entry=0x400208, 23 pages mapped, quota 128 pages, interactive
[kernel] pid 87 'bin/worker' exited with code 0
[kernel] spawn pid 88 'bin/worker': entry=0x400208, 23 pages mapped, quota 128 pages, interactive
[kernel] pid 88 'bin/worker' exited with code 0
[kernel] spawn pid 89 'bin/worker': entry=0x400208, 23 pages mapped, quota 128 pages, interactive
[kernel] pid 89 'bin/worker' exited with code 0
[kernel] spawn pid 90 'bin/worker': entry=0x400208, 23 pages mapped, quota 128 pages, interactive
[kernel] pid 90 'bin/worker' exited with code 0
[kernel] spawn pid 91 'bin/worker': entry=0x400208, 23 pages mapped, quota 128 pages, interactive
[kernel] pid 91 'bin/worker' exited with code 0
[kernel] spawn pid 92 'bin/worker': entry=0x400208, 23 pages mapped, quota 128 pages, interactive
[kernel] pid 92 'bin/worker' exited with code 0
[kernel] spawn pid 93 'bin/worker': entry=0x400208, 23 pages mapped, quota 128 pages, interactive
[kernel] pid 93 'bin/worker' exited with code 0
[kernel] spawn pid 94 'bin/worker': entry=0x400208, 23 pages mapped, quota 128 pages, interactive
[kernel] pid 94 'bin/worker' exited with code 0
[kernel] spawn pid 95 'bin/worker': entry=0x400208, 23 pages mapped, quota 128 pages, interactive
[kernel] pid 95 'bin/worker' exited with code 0
[kernel] spawn pid 96 'bin/worker': entry=0x400208, 23 pages mapped, quota 128 pages, interactive
[kernel] pid 96 'bin/worker' exited with code 0
[kernel] spawn pid 97 'bin/worker': entry=0x400208, 23 pages mapped, quota 128 pages, interactive
[kernel] pid 97 'bin/worker' exited with code 0
[kernel] spawn pid 98 'bin/worker': entry=0x400208, 23 pages mapped, quota 128 pages, interactive
[kernel] pid 98 'bin/worker' exited with code 0
[kernel] spawn pid 99 'bin/worker': entry=0x400208, 23 pages mapped, quota 128 pages, interactive
[kernel] pid 99 'bin/worker' exited with code 0
[kernel] spawn pid 100 'bin/worker': entry=0x400208, 23 pages mapped, quota 128 pages, interactive
[kernel] pid 100 'bin/worker' exited with code 0
[kernel] spawn pid 101 'bin/worker': entry=0x400208, 23 pages mapped, quota 128 pages, interactive
[kernel] pid 101 'bin/worker' exited with code 0
[kernel] spawn pid 102 'bin/worker': entry=0x400208, 23 pages mapped, quota 128 pages, interactive
[kernel] pid 102 'bin/worker' exited with code 0
[kernel] spawn pid 103 'bin/worker': entry=0x400208, 23 pages mapped, quota 128 pages, interactive
[kernel] pid 103 'bin/worker' exited with code 0
[kernel] spawn pid 104 'bin/worker': entry=0x400208, 23 pages mapped, quota 128 pages, interactive
[kernel] pid 104 'bin/worker' exited with code 0
[kernel] spawn pid 105 'bin/worker': entry=0x400208, 23 pages mapped, quota 128 pages, interactive
[kernel] pid 105 'bin/worker' exited with code 0
[kernel] spawn pid 106 'bin/worker': entry=0x400208, 23 pages mapped, quota 128 pages, interactive
[kernel] pid 106 'bin/worker' exited with code 0
[kernel] spawn pid 107 'bin/worker': entry=0x400208, 23 pages mapped, quota 128 pages, interactive
[kernel] pid 107 'bin/worker' exited with code 0
[kernel] spawn pid 108 'bin/worker': entry=0x400208, 23 pages mapped, quota 128 pages, interactive
[kernel] pid 108 'bin/worker' exited with code 0
[kernel] spawn pid 109 'bin/worker': entry=0x400208, 23 pages mapped, quota 128 pages, interactive
[kernel] pid 109 'bin/worker' exited with code 0
[kernel] spawn pid 110 'bin/worker': entry=0x400208, 23 pages mapped, quota 128 pages, interactive
[kernel] pid 110 'bin/worker' exited with code 0
[kernel] spawn pid 111 'bin/worker': entry=0x400208, 23 pages mapped, quota 128 pages, interactive
[kernel] pid 111 'bin/worker' exited with code 0
[kernel] spawn pid 112 'bin/worker': entry=0x400208, 23 pages mapped, quota 128 pages, interactive
[kernel] pid 112 'bin/worker' exited with code 0
[kernel] spawn pid 113 'bin/worker': entry=0x400208, 23 pages mapped, quota 128 pages, interactive
[kernel] pid 113 'bin/worker' exited with code 0
[init] frames free before=2089725 after=2089725 ; heap used before=15296 after=15296 ; switches=2498
[init] PASS K03: 50 spawn/exit cycles leak no frames and no kernel heap
[init] --- K03: 20 kill-while-blocked cycles leak no frames and no kernel heap
[kernel] spawn pid 114 'bin/ipc_echo': entry=0x400684, 21 pages mapped, quota 128 pages, interactive
[kernel] pid 114 'bin/ipc_echo' killed (killed, addr 0x0)
[kernel] spawn pid 115 'bin/ipc_echo': entry=0x400684, 21 pages mapped, quota 128 pages, interactive
[kernel] pid 115 'bin/ipc_echo' killed (killed, addr 0x0)
[kernel] spawn pid 116 'bin/ipc_echo': entry=0x400684, 21 pages mapped, quota 128 pages, interactive
[kernel] pid 116 'bin/ipc_echo' killed (killed, addr 0x0)
[kernel] spawn pid 117 'bin/ipc_echo': entry=0x400684, 21 pages mapped, quota 128 pages, interactive
[kernel] pid 117 'bin/ipc_echo' killed (killed, addr 0x0)
[kernel] spawn pid 118 'bin/ipc_echo': entry=0x400684, 21 pages mapped, quota 128 pages, interactive
[kernel] pid 118 'bin/ipc_echo' killed (killed, addr 0x0)
[kernel] spawn pid 119 'bin/ipc_echo': entry=0x400684, 21 pages mapped, quota 128 pages, interactive
[kernel] pid 119 'bin/ipc_echo' killed (killed, addr 0x0)
[kernel] spawn pid 120 'bin/ipc_echo': entry=0x400684, 21 pages mapped, quota 128 pages, interactive
[kernel] pid 120 'bin/ipc_echo' killed (killed, addr 0x0)
[kernel] spawn pid 121 'bin/ipc_echo': entry=0x400684, 21 pages mapped, quota 128 pages, interactive
[kernel] pid 121 'bin/ipc_echo' killed (killed, addr 0x0)
[kernel] spawn pid 122 'bin/ipc_echo': entry=0x400684, 21 pages mapped, quota 128 pages, interactive
[kernel] pid 122 'bin/ipc_echo' killed (killed, addr 0x0)
[kernel] spawn pid 123 'bin/ipc_echo': entry=0x400684, 21 pages mapped, quota 128 pages, interactive
[kernel] pid 123 'bin/ipc_echo' killed (killed, addr 0x0)
[kernel] spawn pid 124 'bin/ipc_echo': entry=0x400684, 21 pages mapped, quota 128 pages, interactive
[kernel] pid 124 'bin/ipc_echo' killed (killed, addr 0x0)
[kernel] spawn pid 125 'bin/ipc_echo': entry=0x400684, 21 pages mapped, quota 128 pages, interactive
[kernel] pid 125 'bin/ipc_echo' killed (killed, addr 0x0)
[kernel] spawn pid 126 'bin/ipc_echo': entry=0x400684, 21 pages mapped, quota 128 pages, interactive
[kernel] pid 126 'bin/ipc_echo' killed (killed, addr 0x0)
[kernel] spawn pid 127 'bin/ipc_echo': entry=0x400684, 21 pages mapped, quota 128 pages, interactive
[kernel] pid 127 'bin/ipc_echo' killed (killed, addr 0x0)
[kernel] spawn pid 128 'bin/ipc_echo': entry=0x400684, 21 pages mapped, quota 128 pages, interactive
[kernel] pid 128 'bin/ipc_echo' killed (killed, addr 0x0)
[kernel] spawn pid 129 'bin/ipc_echo': entry=0x400684, 21 pages mapped, quota 128 pages, interactive
[kernel] pid 129 'bin/ipc_echo' killed (killed, addr 0x0)
[kernel] spawn pid 130 'bin/ipc_echo': entry=0x400684, 21 pages mapped, quota 128 pages, interactive
[kernel] pid 130 'bin/ipc_echo' killed (killed, addr 0x0)
[kernel] spawn pid 131 'bin/ipc_echo': entry=0x400684, 21 pages mapped, quota 128 pages, interactive
[kernel] pid 131 'bin/ipc_echo' killed (killed, addr 0x0)
[kernel] spawn pid 132 'bin/ipc_echo': entry=0x400684, 21 pages mapped, quota 128 pages, interactive
[kernel] pid 132 'bin/ipc_echo' killed (killed, addr 0x0)
[kernel] spawn pid 133 'bin/ipc_echo': entry=0x400684, 21 pages mapped, quota 128 pages, interactive
[kernel] pid 133 'bin/ipc_echo' killed (killed, addr 0x0)
[kernel] spawn pid 134 'bin/ipc_echo': entry=0x400684, 21 pages mapped, quota 128 pages, interactive
[kernel] pid 134 'bin/ipc_echo' killed (killed, addr 0x0)
[kernel] spawn pid 135 'bin/ipc_echo': entry=0x400684, 21 pages mapped, quota 128 pages, interactive
[kernel] pid 135 'bin/ipc_echo' killed (killed, addr 0x0)
[kernel] spawn pid 136 'bin/ipc_echo': entry=0x400684, 21 pages mapped, quota 128 pages, interactive
[kernel] pid 136 'bin/ipc_echo' killed (killed, addr 0x0)
[init] frames free before=2089725 after=2089725 ; heap used before=15296 after=15296
[init] PASS K03: 20 kill-while-blocked cycles leak no frames and no kernel heap
[init] --- K03: 20 kill-while-sleeping cycles release the thread at once, not at wake-up
[kernel] spawn pid 137 'bin/blocker': entry=0x400ac4, 22 pages mapped, quota 128 pages, interactive
[kernel] pid 137 'bin/blocker' killed (killed, addr 0x0)
[kernel] spawn pid 138 'bin/blocker': entry=0x400ac4, 22 pages mapped, quota 128 pages, interactive
[kernel] pid 138 'bin/blocker' killed (killed, addr 0x0)
[kernel] spawn pid 139 'bin/blocker': entry=0x400ac4, 22 pages mapped, quota 128 pages, interactive
[kernel] pid 139 'bin/blocker' killed (killed, addr 0x0)
[kernel] spawn pid 140 'bin/blocker': entry=0x400ac4, 22 pages mapped, quota 128 pages, interactive
[kernel] pid 140 'bin/blocker' killed (killed, addr 0x0)
[kernel] spawn pid 141 'bin/blocker': entry=0x400ac4, 22 pages mapped, quota 128 pages, interactive
[kernel] pid 141 'bin/blocker' killed (killed, addr 0x0)
[kernel] spawn pid 142 'bin/blocker': entry=0x400ac4, 22 pages mapped, quota 128 pages, interactive
[kernel] pid 142 'bin/blocker' killed (killed, addr 0x0)
[kernel] spawn pid 143 'bin/blocker': entry=0x400ac4, 22 pages mapped, quota 128 pages, interactive
[kernel] pid 143 'bin/blocker' killed (killed, addr 0x0)
[kernel] spawn pid 144 'bin/blocker': entry=0x400ac4, 22 pages mapped, quota 128 pages, interactive
[kernel] pid 144 'bin/blocker' killed (killed, addr 0x0)
[kernel] spawn pid 145 'bin/blocker': entry=0x400ac4, 22 pages mapped, quota 128 pages, interactive
[kernel] pid 145 'bin/blocker' killed (killed, addr 0x0)
[kernel] spawn pid 146 'bin/blocker': entry=0x400ac4, 22 pages mapped, quota 128 pages, interactive
[kernel] pid 146 'bin/blocker' killed (killed, addr 0x0)
[kernel] spawn pid 147 'bin/blocker': entry=0x400ac4, 22 pages mapped, quota 128 pages, interactive
[kernel] pid 147 'bin/blocker' killed (killed, addr 0x0)
[kernel] spawn pid 148 'bin/blocker': entry=0x400ac4, 22 pages mapped, quota 128 pages, interactive
[kernel] pid 148 'bin/blocker' killed (killed, addr 0x0)
[kernel] spawn pid 149 'bin/blocker': entry=0x400ac4, 22 pages mapped, quota 128 pages, interactive
[kernel] pid 149 'bin/blocker' killed (killed, addr 0x0)
[kernel] spawn pid 150 'bin/blocker': entry=0x400ac4, 22 pages mapped, quota 128 pages, interactive
[kernel] pid 150 'bin/blocker' killed (killed, addr 0x0)
[kernel] spawn pid 151 'bin/blocker': entry=0x400ac4, 22 pages mapped, quota 128 pages, interactive
[kernel] pid 151 'bin/blocker' killed (killed, addr 0x0)
[kernel] spawn pid 152 'bin/blocker': entry=0x400ac4, 22 pages mapped, quota 128 pages, interactive
[kernel] pid 152 'bin/blocker' killed (killed, addr 0x0)
[kernel] spawn pid 153 'bin/blocker': entry=0x400ac4, 22 pages mapped, quota 128 pages, interactive
[kernel] pid 153 'bin/blocker' killed (killed, addr 0x0)
[kernel] spawn pid 154 'bin/blocker': entry=0x400ac4, 22 pages mapped, quota 128 pages, interactive
[kernel] pid 154 'bin/blocker' killed (killed, addr 0x0)
[kernel] spawn pid 155 'bin/blocker': entry=0x400ac4, 22 pages mapped, quota 128 pages, interactive
[kernel] pid 155 'bin/blocker' killed (killed, addr 0x0)
[kernel] spawn pid 156 'bin/blocker': entry=0x400ac4, 22 pages mapped, quota 128 pages, interactive
[kernel] pid 156 'bin/blocker' killed (killed, addr 0x0)
[kernel] spawn pid 157 'bin/blocker': entry=0x400ac4, 22 pages mapped, quota 128 pages, interactive
[kernel] pid 157 'bin/blocker' killed (killed, addr 0x0)
[kernel] spawn pid 158 'bin/blocker': entry=0x400ac4, 22 pages mapped, quota 128 pages, interactive
[kernel] pid 158 'bin/blocker' killed (killed, addr 0x0)
[kernel] spawn pid 159 'bin/blocker': entry=0x400ac4, 22 pages mapped, quota 128 pages, interactive
[kernel] pid 159 'bin/blocker' killed (killed, addr 0x0)
[init] kill while sleeping: frames free 2089725 -> 2089725, heap used 15296 -> 15296, live processes 1
[init] PASS K03: 20 kill-while-sleeping cycles release the thread at once, not at wake-up
[init] --- K03: 20 kill-while-blocked-in-recv cycles leak nothing (peer stays open)
[kernel] spawn pid 160 'bin/blocker': entry=0x400ac4, 22 pages mapped, quota 128 pages, interactive
[kernel] pid 160 'bin/blocker' killed (killed, addr 0x0)
[kernel] spawn pid 161 'bin/blocker': entry=0x400ac4, 22 pages mapped, quota 128 pages, interactive
[kernel] pid 161 'bin/blocker' killed (killed, addr 0x0)
[kernel] spawn pid 162 'bin/blocker': entry=0x400ac4, 22 pages mapped, quota 128 pages, interactive
[kernel] pid 162 'bin/blocker' killed (killed, addr 0x0)
[kernel] spawn pid 163 'bin/blocker': entry=0x400ac4, 22 pages mapped, quota 128 pages, interactive
[kernel] pid 163 'bin/blocker' killed (killed, addr 0x0)
[kernel] spawn pid 164 'bin/blocker': entry=0x400ac4, 22 pages mapped, quota 128 pages, interactive
[kernel] pid 164 'bin/blocker' killed (killed, addr 0x0)
[kernel] spawn pid 165 'bin/blocker': entry=0x400ac4, 22 pages mapped, quota 128 pages, interactive
[kernel] pid 165 'bin/blocker' killed (killed, addr 0x0)
[kernel] spawn pid 166 'bin/blocker': entry=0x400ac4, 22 pages mapped, quota 128 pages, interactive
[kernel] pid 166 'bin/blocker' killed (killed, addr 0x0)
[kernel] spawn pid 167 'bin/blocker': entry=0x400ac4, 22 pages mapped, quota 128 pages, interactive
[kernel] pid 167 'bin/blocker' killed (killed, addr 0x0)
[kernel] spawn pid 168 'bin/blocker': entry=0x400ac4, 22 pages mapped, quota 128 pages, interactive
[kernel] pid 168 'bin/blocker' killed (killed, addr 0x0)
[kernel] spawn pid 169 'bin/blocker': entry=0x400ac4, 22 pages mapped, quota 128 pages, interactive
[kernel] pid 169 'bin/blocker' killed (killed, addr 0x0)
[kernel] spawn pid 170 'bin/blocker': entry=0x400ac4, 22 pages mapped, quota 128 pages, interactive
[kernel] pid 170 'bin/blocker' killed (killed, addr 0x0)
[kernel] spawn pid 171 'bin/blocker': entry=0x400ac4, 22 pages mapped, quota 128 pages, interactive
[kernel] pid 171 'bin/blocker' killed (killed, addr 0x0)
[kernel] spawn pid 172 'bin/blocker': entry=0x400ac4, 22 pages mapped, quota 128 pages, interactive
[kernel] pid 172 'bin/blocker' killed (killed, addr 0x0)
[kernel] spawn pid 173 'bin/blocker': entry=0x400ac4, 22 pages mapped, quota 128 pages, interactive
[kernel] pid 173 'bin/blocker' killed (killed, addr 0x0)
[kernel] spawn pid 174 'bin/blocker': entry=0x400ac4, 22 pages mapped, quota 128 pages, interactive
[kernel] pid 174 'bin/blocker' killed (killed, addr 0x0)
[kernel] spawn pid 175 'bin/blocker': entry=0x400ac4, 22 pages mapped, quota 128 pages, interactive
[kernel] pid 175 'bin/blocker' killed (killed, addr 0x0)
[kernel] spawn pid 176 'bin/blocker': entry=0x400ac4, 22 pages mapped, quota 128 pages, interactive
[kernel] pid 176 'bin/blocker' killed (killed, addr 0x0)
[kernel] spawn pid 177 'bin/blocker': entry=0x400ac4, 22 pages mapped, quota 128 pages, interactive
[kernel] pid 177 'bin/blocker' killed (killed, addr 0x0)
[kernel] spawn pid 178 'bin/blocker': entry=0x400ac4, 22 pages mapped, quota 128 pages, interactive
[kernel] pid 178 'bin/blocker' killed (killed, addr 0x0)
[kernel] spawn pid 179 'bin/blocker': entry=0x400ac4, 22 pages mapped, quota 128 pages, interactive
[kernel] pid 179 'bin/blocker' killed (killed, addr 0x0)
[kernel] spawn pid 180 'bin/blocker': entry=0x400ac4, 22 pages mapped, quota 128 pages, interactive
[kernel] pid 180 'bin/blocker' killed (killed, addr 0x0)
[kernel] spawn pid 181 'bin/blocker': entry=0x400ac4, 22 pages mapped, quota 128 pages, interactive
[kernel] pid 181 'bin/blocker' killed (killed, addr 0x0)
[kernel] spawn pid 182 'bin/blocker': entry=0x400ac4, 22 pages mapped, quota 128 pages, interactive
[kernel] pid 182 'bin/blocker' killed (killed, addr 0x0)
[init] kill while in recv: frames free 2089725 -> 2089725, heap used 15296 -> 15296, live processes 1
[init] PASS K03: 20 kill-while-blocked-in-recv cycles leak nothing (peer stays open)
[init] --- K03: 20 kill-while-waiting cycles leak nothing although the target keeps running
[kernel] spawn pid 183 'bin/spin': entry=0x400324, 21 pages mapped, quota 128 pages, interactive
[kernel] spawn pid 184 'bin/blocker': entry=0x400ac4, 22 pages mapped, quota 128 pages, interactive
[spin] spinning forever without syscalls
[kernel] pid 184 'bin/blocker' killed (killed, addr 0x0)
[kernel] spawn pid 185 'bin/blocker': entry=0x400ac4, 22 pages mapped, quota 128 pages, interactive
[kernel] pid 185 'bin/blocker' killed (killed, addr 0x0)
[kernel] spawn pid 186 'bin/blocker': entry=0x400ac4, 22 pages mapped, quota 128 pages, interactive
[kernel] pid 186 'bin/blocker' killed (killed, addr 0x0)
[kernel] spawn pid 187 'bin/blocker': entry=0x400ac4, 22 pages mapped, quota 128 pages, interactive
[kernel] pid 187 'bin/blocker' killed (killed, addr 0x0)
[kernel] spawn pid 188 'bin/blocker': entry=0x400ac4, 22 pages mapped, quota 128 pages, interactive
[kernel] pid 188 'bin/blocker' killed (killed, addr 0x0)
[kernel] spawn pid 189 'bin/blocker': entry=0x400ac4, 22 pages mapped, quota 128 pages, interactive
[kernel] pid 189 'bin/blocker' killed (killed, addr 0x0)
[kernel] spawn pid 190 'bin/blocker': entry=0x400ac4, 22 pages mapped, quota 128 pages, interactive
[kernel] pid 190 'bin/blocker' killed (killed, addr 0x0)
[kernel] spawn pid 191 'bin/blocker': entry=0x400ac4, 22 pages mapped, quota 128 pages, interactive
[kernel] pid 191 'bin/blocker' killed (killed, addr 0x0)
[kernel] spawn pid 192 'bin/blocker': entry=0x400ac4, 22 pages mapped, quota 128 pages, interactive
[kernel] pid 192 'bin/blocker' killed (killed, addr 0x0)
[kernel] spawn pid 193 'bin/blocker': entry=0x400ac4, 22 pages mapped, quota 128 pages, interactive
[kernel] pid 193 'bin/blocker' killed (killed, addr 0x0)
[kernel] spawn pid 194 'bin/blocker': entry=0x400ac4, 22 pages mapped, quota 128 pages, interactive
[kernel] pid 194 'bin/blocker' killed (killed, addr 0x0)
[kernel] spawn pid 195 'bin/blocker': entry=0x400ac4, 22 pages mapped, quota 128 pages, interactive
[kernel] pid 195 'bin/blocker' killed (killed, addr 0x0)
[kernel] spawn pid 196 'bin/blocker': entry=0x400ac4, 22 pages mapped, quota 128 pages, interactive
[kernel] pid 196 'bin/blocker' killed (killed, addr 0x0)
[kernel] spawn pid 197 'bin/blocker': entry=0x400ac4, 22 pages mapped, quota 128 pages, interactive
[kernel] pid 197 'bin/blocker' killed (killed, addr 0x0)
[kernel] spawn pid 198 'bin/blocker': entry=0x400ac4, 22 pages mapped, quota 128 pages, interactive
[kernel] pid 198 'bin/blocker' killed (killed, addr 0x0)
[kernel] spawn pid 199 'bin/blocker': entry=0x400ac4, 22 pages mapped, quota 128 pages, interactive
[kernel] pid 199 'bin/blocker' killed (killed, addr 0x0)
[kernel] spawn pid 200 'bin/blocker': entry=0x400ac4, 22 pages mapped, quota 128 pages, interactive
[kernel] pid 200 'bin/blocker' killed (killed, addr 0x0)
[kernel] spawn pid 201 'bin/blocker': entry=0x400ac4, 22 pages mapped, quota 128 pages, interactive
[kernel] pid 201 'bin/blocker' killed (killed, addr 0x0)
[kernel] spawn pid 202 'bin/blocker': entry=0x400ac4, 22 pages mapped, quota 128 pages, interactive
[kernel] pid 202 'bin/blocker' killed (killed, addr 0x0)
[kernel] spawn pid 203 'bin/blocker': entry=0x400ac4, 22 pages mapped, quota 128 pages, interactive
[kernel] pid 203 'bin/blocker' killed (killed, addr 0x0)
[kernel] spawn pid 204 'bin/blocker': entry=0x400ac4, 22 pages mapped, quota 128 pages, interactive
[kernel] pid 204 'bin/blocker' killed (killed, addr 0x0)
[kernel] spawn pid 205 'bin/blocker': entry=0x400ac4, 22 pages mapped, quota 128 pages, interactive
[kernel] pid 205 'bin/blocker' killed (killed, addr 0x0)
[kernel] spawn pid 206 'bin/blocker': entry=0x400ac4, 22 pages mapped, quota 128 pages, interactive
[kernel] pid 206 'bin/blocker' killed (killed, addr 0x0)
[init] kill while in wait: frames free 2089689 -> 2089689, heap used 16408 -> 16408, live processes 2
[kernel] pid 183 'bin/spin' killed (killed, addr 0x0)
[init] PASS K03: 20 kill-while-waiting cycles leak nothing although the target keeps running
[init] --- K02: a full handle table refuses spawn instead of orphaning the child
[kernel] spawn pid 207 'bin/hello': entry=0x4003c4, 21 pages mapped, quota 128 pages, interactive
[hello] hello from user space, pid 207 (21 of 128 pages used)
[kernel] pid 207 'bin/hello' exited with code 0
[init] PASS K02: a full handle table refuses spawn instead of orphaning the child
[init] --- K02: wait_any: an idle channel times out after the timeout, not before
[init] PASS K02: wait_any: an idle channel times out after the timeout, not before
[init] --- K02: wait_any: reports which handle is ready, and a zero timeout only looks
[init] PASS K02: wait_any: reports which handle is ready, and a zero timeout only looks
[init] --- K02: wait_any: another process's message wakes the waiter
[kernel] spawn pid 208 'bin/ipc_echo': entry=0x400684, 21 pages mapped, quota 128 pages, interactive
[echo] parent closed the channel after 1 messages; exiting
[kernel] pid 208 'bin/ipc_echo' exited with code 0
[init] PASS K02: wait_any: another process's message wakes the waiter
[init] --- K02: wait_any: a process exit and a closed peer both wake the waiter
[kernel] spawn pid 209 'bin/hello': entry=0x4003c4, 21 pages mapped, quota 128 pages, interactive
[hello] hello from user space, pid 209 (21 of 128 pages used)
[kernel] pid 209 'bin/hello' exited with code 0
[init] PASS K02: wait_any: a process exit and a closed peer both wake the waiter
[init] --- K02: wait_any: bad sets are refused (empty, too large, bad handle, wrong kind, bad pointer)
[init] PASS K02: wait_any: bad sets are refused (empty, too large, bad handle, wrong kind, bad pointer)
[init] --- K03: 20 kill-while-in-wait_any cycles leak nothing (two queues, no timeout)
[kernel] spawn pid 210 'bin/spin': entry=0x400324, 21 pages mapped, quota 128 pages, interactive
[spin] spinning forever without syscalls
[kernel] spawn pid 211 'bin/blocker': entry=0x400ac4, 22 pages mapped, quota 128 pages, interactive
[kernel] pid 211 'bin/blocker' killed (killed, addr 0x0)
[kernel] spawn pid 212 'bin/blocker': entry=0x400ac4, 22 pages mapped, quota 128 pages, interactive
[kernel] pid 212 'bin/blocker' killed (killed, addr 0x0)
[kernel] spawn pid 213 'bin/blocker': entry=0x400ac4, 22 pages mapped, quota 128 pages, interactive
[kernel] pid 213 'bin/blocker' killed (killed, addr 0x0)
[kernel] spawn pid 214 'bin/blocker': entry=0x400ac4, 22 pages mapped, quota 128 pages, interactive
[kernel] pid 214 'bin/blocker' killed (killed, addr 0x0)
[kernel] spawn pid 215 'bin/blocker': entry=0x400ac4, 22 pages mapped, quota 128 pages, interactive
[kernel] pid 215 'bin/blocker' killed (killed, addr 0x0)
[kernel] spawn pid 216 'bin/blocker': entry=0x400ac4, 22 pages mapped, quota 128 pages, interactive
[kernel] pid 216 'bin/blocker' killed (killed, addr 0x0)
[kernel] spawn pid 217 'bin/blocker': entry=0x400ac4, 22 pages mapped, quota 128 pages, interactive
[kernel] pid 217 'bin/blocker' killed (killed, addr 0x0)
[kernel] spawn pid 218 'bin/blocker': entry=0x400ac4, 22 pages mapped, quota 128 pages, interactive
[kernel] pid 218 'bin/blocker' killed (killed, addr 0x0)
[kernel] spawn pid 219 'bin/blocker': entry=0x400ac4, 22 pages mapped, quota 128 pages, interactive
[kernel] pid 219 'bin/blocker' killed (killed, addr 0x0)
[kernel] spawn pid 220 'bin/blocker': entry=0x400ac4, 22 pages mapped, quota 128 pages, interactive
[kernel] pid 220 'bin/blocker' killed (killed, addr 0x0)
[kernel] spawn pid 221 'bin/blocker': entry=0x400ac4, 22 pages mapped, quota 128 pages, interactive
[kernel] pid 221 'bin/blocker' killed (killed, addr 0x0)
[kernel] spawn pid 222 'bin/blocker': entry=0x400ac4, 22 pages mapped, quota 128 pages, interactive
[kernel] pid 222 'bin/blocker' killed (killed, addr 0x0)
[kernel] spawn pid 223 'bin/blocker': entry=0x400ac4, 22 pages mapped, quota 128 pages, interactive
[kernel] pid 223 'bin/blocker' killed (killed, addr 0x0)
[kernel] spawn pid 224 'bin/blocker': entry=0x400ac4, 22 pages mapped, quota 128 pages, interactive
[kernel] pid 224 'bin/blocker' killed (killed, addr 0x0)
[kernel] spawn pid 225 'bin/blocker': entry=0x400ac4, 22 pages mapped, quota 128 pages, interactive
[kernel] pid 225 'bin/blocker' killed (killed, addr 0x0)
[kernel] spawn pid 226 'bin/blocker': entry=0x400ac4, 22 pages mapped, quota 128 pages, interactive
[kernel] pid 226 'bin/blocker' killed (killed, addr 0x0)
[kernel] spawn pid 227 'bin/blocker': entry=0x400ac4, 22 pages mapped, quota 128 pages, interactive
[kernel] pid 227 'bin/blocker' killed (killed, addr 0x0)
[kernel] spawn pid 228 'bin/blocker': entry=0x400ac4, 22 pages mapped, quota 128 pages, interactive
[kernel] pid 228 'bin/blocker' killed (killed, addr 0x0)
[kernel] spawn pid 229 'bin/blocker': entry=0x400ac4, 22 pages mapped, quota 128 pages, interactive
[kernel] pid 229 'bin/blocker' killed (killed, addr 0x0)
[kernel] spawn pid 230 'bin/blocker': entry=0x400ac4, 22 pages mapped, quota 128 pages, interactive
[kernel] pid 230 'bin/blocker' killed (killed, addr 0x0)
[kernel] spawn pid 231 'bin/blocker': entry=0x400ac4, 22 pages mapped, quota 128 pages, interactive
[kernel] pid 231 'bin/blocker' killed (killed, addr 0x0)
[kernel] spawn pid 232 'bin/blocker': entry=0x400ac4, 22 pages mapped, quota 128 pages, interactive
[kernel] pid 232 'bin/blocker' killed (killed, addr 0x0)
[kernel] spawn pid 233 'bin/blocker': entry=0x400ac4, 22 pages mapped, quota 128 pages, interactive
[kernel] pid 233 'bin/blocker' killed (killed, addr 0x0)
[init] kill while in wait_any: frames free 2089689 -> 2089689, heap used 24088 -> 24088, live processes 2
[kernel] pid 210 'bin/spin' killed (killed, addr 0x0)
[init] PASS K03: 20 kill-while-in-wait_any cycles leak nothing (two queues, no timeout)
[init] --- K03: 20 kill-while-in-wait_any cycles release the timer entry at once
[kernel] spawn pid 234 'bin/blocker': entry=0x400ac4, 22 pages mapped, quota 128 pages, interactive
[kernel] pid 234 'bin/blocker' killed (killed, addr 0x0)
[kernel] spawn pid 235 'bin/blocker': entry=0x400ac4, 22 pages mapped, quota 128 pages, interactive
[kernel] pid 235 'bin/blocker' killed (killed, addr 0x0)
[kernel] spawn pid 236 'bin/blocker': entry=0x400ac4, 22 pages mapped, quota 128 pages, interactive
[kernel] pid 236 'bin/blocker' killed (killed, addr 0x0)
[kernel] spawn pid 237 'bin/blocker': entry=0x400ac4, 22 pages mapped, quota 128 pages, interactive
[kernel] pid 237 'bin/blocker' killed (killed, addr 0x0)
[kernel] spawn pid 238 'bin/blocker': entry=0x400ac4, 22 pages mapped, quota 128 pages, interactive
[kernel] pid 238 'bin/blocker' killed (killed, addr 0x0)
[kernel] spawn pid 239 'bin/blocker': entry=0x400ac4, 22 pages mapped, quota 128 pages, interactive
[kernel] pid 239 'bin/blocker' killed (killed, addr 0x0)
[kernel] spawn pid 240 'bin/blocker': entry=0x400ac4, 22 pages mapped, quota 128 pages, interactive
[kernel] pid 240 'bin/blocker' killed (killed, addr 0x0)
[kernel] spawn pid 241 'bin/blocker': entry=0x400ac4, 22 pages mapped, quota 128 pages, interactive
[kernel] pid 241 'bin/blocker' killed (killed, addr 0x0)
[kernel] spawn pid 242 'bin/blocker': entry=0x400ac4, 22 pages mapped, quota 128 pages, interactive
[kernel] pid 242 'bin/blocker' killed (killed, addr 0x0)
[kernel] spawn pid 243 'bin/blocker': entry=0x400ac4, 22 pages mapped, quota 128 pages, interactive
[kernel] pid 243 'bin/blocker' killed (killed, addr 0x0)
[kernel] spawn pid 244 'bin/blocker': entry=0x400ac4, 22 pages mapped, quota 128 pages, interactive
[kernel] pid 244 'bin/blocker' killed (killed, addr 0x0)
[kernel] spawn pid 245 'bin/blocker': entry=0x400ac4, 22 pages mapped, quota 128 pages, interactive
[kernel] pid 245 'bin/blocker' killed (killed, addr 0x0)
[kernel] spawn pid 246 'bin/blocker': entry=0x400ac4, 22 pages mapped, quota 128 pages, interactive
[kernel] pid 246 'bin/blocker' killed (killed, addr 0x0)
[kernel] spawn pid 247 'bin/blocker': entry=0x400ac4, 22 pages mapped, quota 128 pages, interactive
[kernel] pid 247 'bin/blocker' killed (killed, addr 0x0)
[kernel] spawn pid 248 'bin/blocker': entry=0x400ac4, 22 pages mapped, quota 128 pages, interactive
[kernel] pid 248 'bin/blocker' killed (killed, addr 0x0)
[kernel] spawn pid 249 'bin/blocker': entry=0x400ac4, 22 pages mapped, quota 128 pages, interactive
[kernel] pid 249 'bin/blocker' killed (killed, addr 0x0)
[kernel] spawn pid 250 'bin/blocker': entry=0x400ac4, 22 pages mapped, quota 128 pages, interactive
[kernel] pid 250 'bin/blocker' killed (killed, addr 0x0)
[kernel] spawn pid 251 'bin/blocker': entry=0x400ac4, 22 pages mapped, quota 128 pages, interactive
[kernel] pid 251 'bin/blocker' killed (killed, addr 0x0)
[kernel] spawn pid 252 'bin/blocker': entry=0x400ac4, 22 pages mapped, quota 128 pages, interactive
[kernel] pid 252 'bin/blocker' killed (killed, addr 0x0)
[kernel] spawn pid 253 'bin/blocker': entry=0x400ac4, 22 pages mapped, quota 128 pages, interactive
[kernel] pid 253 'bin/blocker' killed (killed, addr 0x0)
[kernel] spawn pid 254 'bin/blocker': entry=0x400ac4, 22 pages mapped, quota 128 pages, interactive
[kernel] pid 254 'bin/blocker' killed (killed, addr 0x0)
[kernel] spawn pid 255 'bin/blocker': entry=0x400ac4, 22 pages mapped, quota 128 pages, interactive
[kernel] pid 255 'bin/blocker' killed (killed, addr 0x0)
[kernel] spawn pid 256 'bin/blocker': entry=0x400ac4, 22 pages mapped, quota 128 pages, interactive
[kernel] pid 256 'bin/blocker' killed (killed, addr 0x0)
[init] kill while in wait_any with timeout: frames free 2089725 -> 2089725, heap used 22976 -> 22976, live processes 1
[init] PASS K03: 20 kill-while-in-wait_any cycles release the timer entry at once
[init] --- K02: clock: wall-clock time is plausible and advances with the tick
[init] clock: 1791301653 s since the Unix epoch
[init] PASS K02: clock: wall-clock time is plausible and advances with the tick
[init] --- K02: the kernel command line reads back whole, and only with the STATS right
[init] kernel command line: ""
[init] PASS K02: the kernel command line reads back whole, and only with the STATS right
[init] entropy: available
[init] --- K02: random: requests are checked, and refused outright without a source
[init] PASS K02: random: requests are checked, and refused outright without a source
[init] --- K02: random: 4 KiB look like noise, and no draw repeats
[init] random: 4096 bytes, chi-square 313 over 255 degrees of freedom, 16538 of 32768 bits set
[init] PASS K02: random: 4 KiB look like noise, and no draw repeats
[init] --- NET: the network lease needs the NET right and is exclusive
[init] PASS NET: the network lease needs the NET right and is exclusive
[init] --- NET: the device reports its address, link and frame size
[init] network: mac 52:54:00:12:34:56, link up, mtu 1500
[init] PASS NET: the device reports its address, link and frame size
[init] --- NET: ARP: the gateway answers who-has 10.0.2.2
[init] network: 10.0.2.2 is at 52:55:0a:00:02:02 (1 ms)
[init] PASS NET: ARP: the gateway answers who-has 10.0.2.2
[init] --- NET: ICMP echo to the gateway comes back intact
[init] network: echo 1 (32 byte payload) back in 1 ms
[init] network: echo 2 (512 byte payload) back in 1 ms
[init] network: echo 3 (1472 byte payload) back in 2 ms
[init] network: 5 frames received, 5 sent, 0 dropped
[init] PASS NET: ICMP echo to the gateway comes back intact
[init] --- NET: a frame arriving while the receiver sleeps wakes it
[kernel] spawn pid 257 'bin/blocker': entry=0x400ac4, 22 pages mapped, quota 128 pages, interactive
[kernel] pid 257 'bin/blocker' exited with code 0
[init] network: asleep 303 ms; the frame left 300 ms into the sleep and woke the receiver 3 ms later
[init] PASS NET: a frame arriving while the receiver sleeps wakes it
[init] --- NET: malformed transmit and receive requests are refused
[init] PASS NET: malformed transmit and receive requests are refused
[init] --- NET: the network service gets an address by DHCP and describes it
[kernel] spawn pid 258 'bin/spacenet': entry=0x410904, 45 pages mapped, quota 256 pages, interactive
[net] Space OS network service, ABI v0
[net] attached: mac 52:54:00:12:34:56, link up; asking DHCP for an address
[net] DHCP: address 10.0.2.15/24, router none, DNS server none
[init] network service: 10.0.2.15/24 via 0.0.0.0, DNS 0.0.0.0, configured in 15 ms
[net] DNS: using 10.0.2.53:53 (over TCP)
[net] session 1 opened; nothing is allowed yet
[net] session 1: allow echo.lab.test, port 7
[net] session 1: allow alias.lab.test, port 7
[net] session 1: allow reset.lab.test, port 9
[net] session 1: allow chargen.lab.test, port 19
[net] session 1: allow blackhole.lab.test, port 80
[net] session 1: allow closed.lab.test, port 8
[net] session 1: allow nosuch.lab.test, any port
[init] PASS NET: the network service gets an address by DHCP and describes it
[init] --- NET: names resolve through the lab DNS server; unknown names do not
[net] DNS: echo.lab.test is 10.0.2.101 (26 ms)
[init] network: echo.lab.test is 10.0.2.101 (34 ms)
[net] DNS: alias.lab.test is 10.0.2.101 (9 ms)
[init] network: alias.lab.test is 10.0.2.101 (12 ms)
[net] DNS: ECHO.Lab.Test is 10.0.2.101 (8 ms)
[init] network: ECHO.Lab.Test is 10.0.2.101 (10 ms)
[net] DNS: nosuch.lab.test: not found
[init] PASS NET: names resolve through the lab DNS server; unknown names do not
[init] --- NET: 64 KiB go to the echo service and come back intact over TCP
[net] DNS: echo.lab.test is 10.0.2.101 (10 ms)
[net] session 1: connected to echo.lab.test:7 (10.0.2.101) in 1015 ms
[net] session 1: echo.lab.test:7 closed: 65536 bytes out, 65536 in
[init] network: 65536 bytes to the echo service and back in 1042 ms
[init] PASS NET: 64 KiB go to the echo service and come back intact over TCP
[init] --- NET: destinations off the allowlist are refused before a frame leaves
[net] session 1: refused to connect to api.cloud.test port 80: not on its allowlist
[net] session 1: refused to connect to echo.lab.test port 8: not on its allowlist
[net] session 1: refused to connect to 10.0.2.101 port 7: not on its allowlist
[net] session 1: refused to look up api.cloud.test: not on its allowlist
[init] network: 4 refusals counted (0 -> 4); no frame sent meanwhile
[init] PASS NET: destinations off the allowlist are refused before a frame leaves
[init] --- NET: a connection nobody answers times out
[net] DNS: blackhole.lab.test is 10.0.2.77 (9 ms)
[net] session 1: blackhole.lab.test:80: timed out after 500 ms
[init] network: blackhole.lab.test:80 gave Err(TimedOut) after 503 ms
[init] PASS NET: a connection nobody answers times out
[init] --- NET: a port nobody listens on refuses the connection
[net] DNS: closed.lab.test is 10.0.2.101 (9 ms)
[net] session 1: closed.lab.test:8: connection refused after 12 ms
[init] network: closed.lab.test:8 gave Err(Refused) after 14 ms
[init] PASS NET: a port nobody listens on refuses the connection
[init] --- NET: a connection the peer resets is reported as reset
[net] DNS: reset.lab.test is 10.0.2.102 (13 ms)
[net] session 1: connected to reset.lab.test:9 (10.0.2.102) in 1017 ms
[net] session 1: reset.lab.test:9: connection reset after 1327 ms
[init] network: the resetting service answered Err(Reset) after 303 ms
[init] PASS NET: a connection the peer resets is reported as reset
[init] --- NET: closing a connection the peer is still sending on resets it, so the peer stops
[net] DNS: chargen.lab.test is 10.0.2.101 (10 ms)
[net] session 1: connected to chargen.lab.test:19 (10.0.2.101) in 20 ms
[init] network: read 2056 bytes of a stream that keeps coming, then closed it
[init] PASS NET: closing a connection the peer is still sending on resets it, so the peer stops
[init] --- NET: 20 connections open and close without leaking kernel memory
[net] DNS: echo.lab.test is 10.0.2.101 (12 ms)
[net] session 1: connected to echo.lab.test:7 (10.0.2.101) in 16 ms
[net] session 1: echo.lab.test:7 closed: 4 bytes out, 4 in
[net] DNS: echo.lab.test is 10.0.2.101 (11 ms)
[net] session 1: connected to echo.lab.test:7 (10.0.2.101) in 22 ms
[net] session 1: echo.lab.test:7 closed: 4 bytes out, 4 in
[net] DNS: echo.lab.test is 10.0.2.101 (10 ms)
[net] session 1: connected to echo.lab.test:7 (10.0.2.101) in 12 ms
[net] session 1: echo.lab.test:7 closed: 4 bytes out, 4 in
[net] DNS: echo.lab.test is 10.0.2.101 (10 ms)
[net] session 1: connected to echo.lab.test:7 (10.0.2.101) in 21 ms
[net] session 1: echo.lab.test:7 closed: 4 bytes out, 4 in
[net] DNS: echo.lab.test is 10.0.2.101 (12 ms)
[net] session 1: connected to echo.lab.test:7 (10.0.2.101) in 15 ms
[net] session 1: echo.lab.test:7 closed: 4 bytes out, 4 in
[net] DNS: echo.lab.test is 10.0.2.101 (10 ms)
[net] session 1: connected to echo.lab.test:7 (10.0.2.101) in 23 ms
[net] session 1: echo.lab.test:7 closed: 4 bytes out, 4 in
[net] DNS: echo.lab.test is 10.0.2.101 (10 ms)
[net] session 1: connected to echo.lab.test:7 (10.0.2.101) in 15 ms
[net] session 1: echo.lab.test:7 closed: 4 bytes out, 4 in
[net] DNS: echo.lab.test is 10.0.2.101 (11 ms)
[net] session 1: connected to echo.lab.test:7 (10.0.2.101) in 14 ms
[net] session 1: echo.lab.test:7 closed: 4 bytes out, 4 in
[net] DNS: echo.lab.test is 10.0.2.101 (13 ms)
[net] session 1: connected to echo.lab.test:7 (10.0.2.101) in 16 ms
[net] session 1: echo.lab.test:7 closed: 4 bytes out, 4 in
[net] DNS: echo.lab.test is 10.0.2.101 (12 ms)
[net] session 1: connected to echo.lab.test:7 (10.0.2.101) in 17 ms
[net] session 1: echo.lab.test:7 closed: 4 bytes out, 4 in
[net] DNS: echo.lab.test is 10.0.2.101 (11 ms)
[net] session 1: connected to echo.lab.test:7 (10.0.2.101) in 15 ms
[net] session 1: echo.lab.test:7 closed: 4 bytes out, 4 in
[net] DNS: echo.lab.test is 10.0.2.101 (10 ms)
[net] session 1: connected to echo.lab.test:7 (10.0.2.101) in 14 ms
[net] session 1: echo.lab.test:7 closed: 4 bytes out, 4 in
[net] DNS: echo.lab.test is 10.0.2.101 (10 ms)
[net] session 1: connected to echo.lab.test:7 (10.0.2.101) in 13 ms
[net] session 1: echo.lab.test:7 closed: 4 bytes out, 4 in
[net] DNS: echo.lab.test is 10.0.2.101 (10 ms)
[net] session 1: connected to echo.lab.test:7 (10.0.2.101) in 13 ms
[net] session 1: echo.lab.test:7 closed: 4 bytes out, 4 in
[net] DNS: echo.lab.test is 10.0.2.101 (10 ms)
[net] session 1: connected to echo.lab.test:7 (10.0.2.101) in 21 ms
[net] session 1: echo.lab.test:7 closed: 4 bytes out, 4 in
[net] DNS: echo.lab.test is 10.0.2.101 (10 ms)
[net] session 1: connected to echo.lab.test:7 (10.0.2.101) in 13 ms
[net] session 1: echo.lab.test:7 closed: 4 bytes out, 4 in
[net] DNS: echo.lab.test is 10.0.2.101 (12 ms)
[net] session 1: connected to echo.lab.test:7 (10.0.2.101) in 16 ms
[net] session 1: echo.lab.test:7 closed: 4 bytes out, 4 in
[net] DNS: echo.lab.test is 10.0.2.101 (12 ms)
[net] session 1: connected to echo.lab.test:7 (10.0.2.101) in 16 ms
[net] session 1: echo.lab.test:7 closed: 4 bytes out, 4 in
[net] DNS: echo.lab.test is 10.0.2.101 (9 ms)
[net] session 1: connected to echo.lab.test:7 (10.0.2.101) in 12 ms
[net] session 1: echo.lab.test:7 closed: 4 bytes out, 4 in
[net] DNS: echo.lab.test is 10.0.2.101 (8 ms)
[net] session 1: connected to echo.lab.test:7 (10.0.2.101) in 11 ms
[net] session 1: echo.lab.test:7 closed: 4 bytes out, 4 in
[net] DNS: echo.lab.test is 10.0.2.101 (9 ms)
[net] session 1: connected to echo.lab.test:7 (10.0.2.101) in 12 ms
[net] session 1: echo.lab.test:7 closed: 4 bytes out, 4 in
[net] DNS: echo.lab.test is 10.0.2.101 (12 ms)
[net] session 1: connected to echo.lab.test:7 (10.0.2.101) in 15 ms
[net] session 1: echo.lab.test:7 closed: 4 bytes out, 4 in
[net] DNS: echo.lab.test is 10.0.2.101 (11 ms)
[net] session 1: connected to echo.lab.test:7 (10.0.2.101) in 14 ms
[net] session 1: echo.lab.test:7 closed: 4 bytes out, 4 in
[init] network connections: frames free 2089503 -> 2089503, heap used 25896 -> 25896, live processes 2
[init] PASS NET: 20 connections open and close without leaking kernel memory
[init] --- TLS: TLS 1.3 with ChaCha20-Poly1305: 16 KiB go both ways intact, and close_notify ends it
[net] session 30 opened; nothing is allowed yet
[net] session 30: allow tls.lab.test, port 443
[kernel] spawn pid 259 'bin/tlsprobe': entry=0x4e3348, 277 pages mapped, quota 1024 pages, interactive
[net] DNS: tls.lab.test is 10.0.2.103 (9 ms)
[net] session 30: connected to tls.lab.test:443 (10.0.2.103) in 13 ms
[net] session 30: tls.lab.test:443 closed: 17043 bytes out, 17363 in
[tlsprobe] echo on port 443: ok TLS13_CHACHA20_POLY1305_SHA256: TCP in 22 ms, handshake in 72 ms, 16384 bytes echoed intact, closed with close_notify
[kernel] pid 259 'bin/tlsprobe' exited with code 0
[net] session 30 closed: 1 opened, 0 refused, 1 resolved
[init] PASS TLS: TLS 1.3 with ChaCha20-Poly1305: 16 KiB go both ways intact, and close_notify ends it
[init] --- TLS: TLS 1.3 with AES-128-GCM: 16 KiB go both ways intact, and close_notify ends it
[net] session 32 opened; nothing is allowed yet
[net] session 32: allow tls.lab.test, port 449
[kernel] spawn pid 260 'bin/tlsprobe': entry=0x4e3348, 277 pages mapped, quota 1024 pages, interactive
[net] DNS: tls.lab.test is 10.0.2.103 (19 ms)
[net] session 32: connected to tls.lab.test:449 (10.0.2.103) in 33 ms
[net] session 32: tls.lab.test:449 closed: 17043 bytes out, 17230 in
[tlsprobe] echo on port 449: ok TLS13_AES_128_GCM_SHA256: TCP in 36 ms, handshake in 51 ms, 16384 bytes echoed intact, closed with close_notify
[kernel] pid 260 'bin/tlsprobe' exited with code 0
[net] session 32 closed: 1 opened, 0 refused, 1 resolved
[init] PASS TLS: TLS 1.3 with AES-128-GCM: 16 KiB go both ways intact, and close_notify ends it
[init] --- TLS: TLS 1.3 with AES-256-GCM: 16 KiB go both ways intact, and close_notify ends it
[net] session 34 opened; nothing is allowed yet
[net] session 34: allow tls.lab.test, port 450
[kernel] spawn pid 261 'bin/tlsprobe': entry=0x4e3348, 277 pages mapped, quota 1024 pages, interactive
[net] DNS: tls.lab.test is 10.0.2.103 (11 ms)
[net] session 34: connected to tls.lab.test:450 (10.0.2.103) in 14 ms
[net] session 34: tls.lab.test:450 closed: 17059 bytes out, 17290 in
[tlsprobe] echo on port 450: ok TLS13_AES_256_GCM_SHA384: TCP in 23 ms, handshake in 53 ms, 16384 bytes echoed intact, closed with close_notify
[kernel] pid 261 'bin/tlsprobe' exited with code 0
[net] session 34 closed: 1 opened, 0 refused, 1 resolved
[init] PASS TLS: TLS 1.3 with AES-256-GCM: 16 KiB go both ways intact, and close_notify ends it
[init] --- TLS: an expired certificate is refused
[net] session 36 opened; nothing is allowed yet
[net] session 36: allow tls.lab.test, port 444
[kernel] spawn pid 262 'bin/tlsprobe': entry=0x4e3348, 277 pages mapped, quota 1024 pages, interactive
[net] DNS: tls.lab.test is 10.0.2.103 (11 ms)
[net] session 36: connected to tls.lab.test:444 (10.0.2.103) in 14 ms
[tlsprobe] refuse on port 444: err expired TLS: invalid peer certificate: certificate expired: verification time 1791301658 (UNIX), but certificate is not valid after 1791214880 (86778 seconds ago)
[kernel] pid 262 'bin/tlsprobe' exited with code 0
[net] session 36 closed: 1 opened, 0 refused, 1 resolved
[init] PASS TLS: an expired certificate is refused
[init] --- TLS: a certificate for another name is refused
[net] session 38 opened; nothing is allowed yet
[net] session 38: allow tls.lab.test, port 445
[kernel] spawn pid 263 'bin/tlsprobe': entry=0x4e3348, 277 pages mapped, quota 1024 pages, interactive
[net] DNS: tls.lab.test is 10.0.2.103 (12 ms)
[net] session 38: connected to tls.lab.test:445 (10.0.2.103) in 15 ms
[tlsprobe] refuse on port 445: err wrong-name TLS: invalid peer certificate: NotValidForNameContext { expected: DnsName("tls.lab.test"), presented: ["DnsName(\"other.lab.test\")"] }
[kernel] pid 263 'bin/tlsprobe' exited with code 0
[net] session 38 closed: 1 opened, 0 refused, 1 resolved
[init] PASS TLS: a certificate for another name is refused
[init] --- TLS: a certificate from an unknown authority is refused
[net] session 40 opened; nothing is allowed yet
[net] session 40: allow tls.lab.test, port 446
[kernel] spawn pid 264 'bin/tlsprobe': entry=0x4e3348, 277 pages mapped, quota 1024 pages, interactive
[net] DNS: tls.lab.test is 10.0.2.103 (9 ms)
[net] session 40: connected to tls.lab.test:446 (10.0.2.103) in 12 ms
[tlsprobe] refuse on port 446: err unknown-issuer TLS: invalid peer certificate: UnknownIssuer
[kernel] pid 264 'bin/tlsprobe' exited with code 0
[net] session 40 closed: 1 opened, 0 refused, 1 resolved
[init] PASS TLS: a certificate from an unknown authority is refused
[init] --- TLS: a record altered on the way is caught
[net] session 42 opened; nothing is allowed yet
[net] session 42: allow tls.lab.test, port 447
[kernel] spawn pid 265 'bin/tlsprobe': entry=0x4e3348, 277 pages mapped, quota 1024 pages, interactive
[net] DNS: tls.lab.test is 10.0.2.103 (10 ms)
[net] session 42: connected to tls.lab.test:447 (10.0.2.103) in 18 ms
[tlsprobe] tamper on port 447: err bad-record TLS: cannot decrypt peer's message
[kernel] pid 265 'bin/tlsprobe' exited with code 0
[net] session 42 closed: 1 opened, 0 refused, 1 resolved
[init] PASS TLS: a record altered on the way is caught
[init] --- TLS: a connection cut short without close_notify is reported as truncated
[net] session 44 opened; nothing is allowed yet
[net] session 44: allow tls.lab.test, port 448
[kernel] spawn pid 266 'bin/tlsprobe': entry=0x4e3348, 277 pages mapped, quota 1024 pages, interactive
[net] DNS: tls.lab.test is 10.0.2.103 (13 ms)
[net] session 44: connected to tls.lab.test:448 (10.0.2.103) in 17 ms
[tlsprobe] truncate on port 448: err truncated after 24 bytes of answer: the connection ended without a TLS close_notify
[kernel] pid 266 'bin/tlsprobe' exited with code 0
[net] session 44 closed: 1 opened, 0 refused, 1 resolved
[init] PASS TLS: a connection cut short without close_notify is reported as truncated
[init] --- I01: the adapter holds the credential, and the provider refuses a wrong one
[kernel] spawn pid 267 'bin/spacebroker': entry=0x403574, 29 pages mapped, quota 256 pages, interactive
[broker] Space OS Tool Broker, ABI v0, workspace /spaceos/ws
[kernel] spawn pid 268 'bin/spacecloud': entry=0x4f64f8, 305 pages mapped, quota 1536 pages, interactive
[cloud] spacecloud 0.1: Messages API 2023-06-01 over TLS 1.3; experimental, tested against the lab mock provider only
[init] cloud adapter: spacecloud 0.1: Messages API 2023-06-01 over TLS 1.3; experimental, tested against the lab mock provider only
[broker] operator attached, ABI v0
[broker] serving an agent
[cloud] trust anchor in force (380 bytes)
[cloud] provider at api.cloud.test:443
[net] session 46 opened; nothing is allowed yet
[net] session 46: allow api.cloud.test, port 443
[cloud] budget 50000 µ$ (0 spent); 3000000 µ$ per million tokens in, 15000000 out; 3 attempt(s) per request
[cloud] ask 1 (lab-echo): not-ready: no trust anchor, credential, endpoint or network session yet; 1 ms, 0 round(s), 0 attempt(s), tools [], 0 in / 0 out tokens, 0 µ$; spent 0 of 50000 µ$
[cloud] credential held (55 bytes)
[net] DNS: api.cloud.test is 10.0.2.100 (11 ms)
[net] session 46: connected to api.cloud.test:443 (10.0.2.100) in 16 ms
[cloud] ask 2 (lab-echo): auth: the provider refused the credential (401: invalid x-api-key); 107 ms, 1 round(s), 1 attempt(s), tools [], 0 in / 0 out tokens, 0 µ$; spent 0 of 50000 µ$
[init] cloud: with a wrong key: auth: the provider refused the credential (401: invalid x-api-key)
[cloud] credential held (55 bytes)
[net] DNS: api.cloud.test is 10.0.2.100 (11 ms)
[net] session 46: connected to api.cloud.test:443 (10.0.2.100) in 21 ms
[net] session 46: api.cloud.test:443 closed: 675 bytes out, 2970 in
[cloud] ask 3 (lab-echo): done; 681 ms, 1 round(s), 1 attempt(s), tools [], 25 in / 14 out tokens, 285 µ$; spent 285 of 50000 µ$
[init] PASS I01: the adapter holds the credential, and the provider refuses a wrong one
[init] --- I01: answers stream back as the provider writes them, and cost what it reports
[net] DNS: api.cloud.test is 10.0.2.100 (21 ms)
[net] session 46: connected to api.cloud.test:443 (10.0.2.100) in 26 ms
[cloud] ask 4 (lab-echo): done; 697 ms, 1 round(s), 1 attempt(s), tools [], 28 in / 16 out tokens, 324 µ$; spent 609 of 50000 µ$
[init] cloud: 4 pieces, the first after 246 ms and the end after 697 ms; 28 in / 16 out tokens, 324 µ$
[net] session 46: api.cloud.test:443 closed: 688 bytes out, 2979 in
[init] PASS I01: answers stream back as the provider writes them, and cost what it reports
[init] --- I01: the model's tool calls go through the Tool Broker, inside the workspace
[net] DNS: api.cloud.test is 10.0.2.100 (11 ms)
[net] session 46: connected to api.cloud.test:443 (10.0.2.100) in 15 ms
[net] session 46: api.cloud.test:443 closed: 964 bytes out, 3214 in
[net] DNS: api.cloud.test is 10.0.2.100 (11 ms)
[net] session 46: connected to api.cloud.test:443 (10.0.2.100) in 13 ms
[cloud] ask 5 (lab-tool): done; 160 ms, 2 round(s), 2 attempt(s), tools [read_file /spaceos/ws/input.txt: allowed], 297 in / 23 out tokens, 1236 µ$; spent 1845 of 50000 µ$
[net] session 46: api.cloud.test:443 closed: 1376 bytes out, 2326 in
[init] cloud: tool calls [(0, "read_file /spaceos/ws/input.txt: allowed")]; answer "I will read the file.The file begins: space-os workspace"
[net] DNS: api.cloud.test is 10.0.2.100 (11 ms)
[net] session 46: connected to api.cloud.test:443 (10.0.2.100) in 26 ms
[cloud] ask 6 (lab-tool): done; 84 ms, 1 round(s), 1 attempt(s), tools [], 31 in / 5 out tokens, 168 µ$; spent 2013 of 50000 µ$
[net] session 46: api.cloud.test:443 closed: 700 bytes out, 2309 in
[init] PASS I01: the model's tool calls go through the Tool Broker, inside the workspace
[init] --- I01: a tool call for the credential is refused, and the provider hears only that
[net] DNS: api.cloud.test is 10.0.2.100 (10 ms)
[net] session 46: connected to api.cloud.test:443 (10.0.2.100) in 15 ms
[net] session 46: api.cloud.test:443 closed: 961 bytes out, 3218 in
[broker] read /spaceos/cred/cloud.key -> denied-scope
[net] DNS: api.cloud.test is 10.0.2.100 (9 ms)
[net] session 46: connected to api.cloud.test:443 (10.0.2.100) in 13 ms
[cloud] ask 7 (lab-exfil): done; 154 ms, 2 round(s), 2 attempt(s), tools [read_file /spaceos/cred/cloud.key: denied (outside the workspace)], 283 in / 39 out tokens, 1434 µ$; spent 3447 of 50000 µ$
[net] session 46: api.cloud.test:443 closed: 1326 bytes out, 2387 in
[init] cloud: tool calls [(1, "read_file /spaceos/cred/cloud.key: denied (outside the workspace)")]; answer "I will read the file.The tool refused: refused by the Tool Broker: /spaceos/cred/cloud.key is outside the workspace"
[init] PASS I01: a tool call for the credential is refused, and the provider hears only that
[init] --- I01: a stalled answer ends at the deadline, and the adapter keeps serving
[net] DNS: api.cloud.test is 10.0.2.100 (11 ms)
[net] session 46: connected to api.cloud.test:443 (10.0.2.100) in 13 ms
[cloud] ask 8 (lab-stall): timeout: reading the answer: timed out; 1501 ms, 1 round(s), 1 attempt(s), tools [], 26 in / 1 out tokens, 93 µ$; spent 3540 of 50000 µ$
[init] cloud: a stalled answer ended after 1501 ms: timeout: reading the answer: timed out
[net] DNS: api.cloud.test is 10.0.2.100 (13 ms)
[net] session 46: connected to api.cloud.test:443 (10.0.2.100) in 15 ms
[cloud] ask 9 (lab-echo): done; 680 ms, 1 round(s), 1 attempt(s), tools [], 26 in / 15 out tokens, 303 µ$; spent 3843 of 50000 µ$
[init] PASS I01: a stalled answer ends at the deadline, and the adapter keeps serving
[net] session 46: api.cloud.test:443 closed: 683 bytes out, 2976 in
[init] --- I01: an overloaded provider is tried three times, and no more
[net] DNS: api.cloud.test is 10.0.2.100 (9 ms)
[net] session 46: connected to api.cloud.test:443 (10.0.2.100) in 12 ms
[cloud] attempt 1: the provider is busy (529: Overloaded); trying again in 250 ms
[net] DNS: api.cloud.test is 10.0.2.100 (15 ms)
[net] session 46: connected to api.cloud.test:443 (10.0.2.100) in 20 ms
[cloud] attempt 2: the provider is busy (529: Overloaded); trying again in 500 ms
[net] DNS: api.cloud.test is 10.0.2.100 (12 ms)
[net] session 46: connected to api.cloud.test:443 (10.0.2.100) in 16 ms
[cloud] ask 10 (lab-overloaded): overloaded: the provider is busy (529: Overloaded) on every one of 3 attempt(s); 991 ms, 1 round(s), 3 attempt(s), tools [], 0 in / 0 out tokens, 0 µ$; spent 3843 of 50000 µ$
[init] cloud: 3 attempts, 3 connections: overloaded: the provider is busy (529: Overloaded) on every one of 3 attempt(s)
[init] PASS I01: an overloaded provider is tried three times, and no more
[init] --- I01: an answer nested deep enough to exhaust a stack is refused, and the adapter lives on
[net] DNS: api.cloud.test is 10.0.2.100 (12 ms)
[net] session 46: connected to api.cloud.test:443 (10.0.2.100) in 16 ms
[cloud] ask 11 (lab-hostile): protocol: event content_block_start is not JSON the adapter accepts; 135 ms, 1 round(s), 1 attempt(s), tools [], 26 in / 1 out tokens, 93 µ$; spent 3936 of 50000 µ$
[init] cloud: protocol: event content_block_start is not JSON the adapter accepts
[net] DNS: api.cloud.test is 10.0.2.100 (18 ms)
[net] session 46: connected to api.cloud.test:443 (10.0.2.100) in 42 ms
[cloud] ask 12 (lab-echo): done; 701 ms, 1 round(s), 1 attempt(s), tools [], 26 in / 15 out tokens, 303 µ$; spent 4239 of 50000 µ$
[init] PASS I01: an answer nested deep enough to exhaust a stack is refused, and the adapter lives on
[net] session 46: api.cloud.test:443 closed: 683 bytes out, 2975 in
[init] --- I01: a provider streaming past what was reserved is cut off, and charged what it used
[net] DNS: api.cloud.test is 10.0.2.100 (10 ms)
[net] session 46: connected to api.cloud.test:443 (10.0.2.100) in 20 ms
[cloud] ask 13 (lab-runaway): over-budget: the provider reported 400 output tokens, past the 100 reserved: cut off; 123 ms, 1 round(s), 1 attempt(s), tools [], 26 in / 400 out tokens, 6078 µ$; spent 10317 of 50000 µ$
[init] cloud: over-budget: the provider reported 400 output tokens, past the 100 reserved: cut off after 123 ms; charged 6078 µ$
[init] PASS I01: a provider streaming past what was reserved is cut off, and charged what it used
[init] --- I01: an ask that could exceed the budget is refused before a frame leaves
[cloud] ask 14 (lab-budget): budget: this request could cost up to 60165 µ$ and 39683 µ$ of the budget is left: nothing was sent; 1 ms, 0 round(s), 0 attempt(s), tools [], 0 in / 0 out tokens, 0 µ$; spent 10317 of 50000 µ$
[init] cloud: budget: this request could cost up to 60165 µ$ and 39683 µ$ of the budget is left: nothing was sent; no frame sent meanwhile
[init] PASS I01: an ask that could exceed the budget is refused before a frame leaves
[init] --- I01: local-only work is refused before a frame leaves
[cloud] ask 15 (lab-local): local-only: local-only work stays on this machine: nothing was sent; 1 ms, 0 round(s), 0 attempt(s), tools [], 0 in / 0 out tokens, 0 µ$; spent 10317 of 50000 µ$
[init] cloud: local-only: local-only work stays on this machine: nothing was sent; no frame sent meanwhile
[init] PASS I01: local-only work is refused before a frame leaves
[init] --- I01: the adapter quits cleanly, and the broker's audit holds every tool call
[cloud] closing: 15 ask(s), 2 refused before sending, 16 connection(s), 2 tool call(s); spent 10317 of 50000 µ$
[broker] agent is gone; the workspace is unchanged from here on
[net] session 46 closed: 16 opened, 0 refused, 16 resolved
[kernel] pid 268 'bin/spacecloud' exited with code 0
[init] cloud: 15 asks, 2 refused before sending, 16 connections, 2 tool calls; spent 10317 of 50000 µ$
[init] cloud: broker audit: 2 entries, 1 allowed, 1 refused
[broker] closing: 2 tool calls, 1 refused
[kernel] pid 267 'bin/spacebroker' exited with code 0
[init] PASS I01: the adapter quits cleanly, and the broker's audit holds every tool call
[init] --- NET: killing the service fails its clients and frees the device; a new one serves and quits
[net] DNS: echo.lab.test is 10.0.2.101 (10 ms)
[net] session 1: connected to echo.lab.test:7 (10.0.2.101) in 13 ms
[kernel] pid 258 'bin/spacenet' killed (killed, addr 0x0)
[kernel] spawn pid 269 'bin/spacenet': entry=0x410904, 45 pages mapped, quota 256 pages, interactive
[net] Space OS network service, ABI v0
[net] attached: mac 52:54:00:12:34:56, link up; asking DHCP for an address
[net] DHCP: address 10.0.2.15/24, router none, DNS server none
[init] network service: 10.0.2.15/24 via 0.0.0.0, DNS 0.0.0.0, configured in 20 ms
[net] DNS: using 10.0.2.53:53 (over TCP)
[net] session 1 opened; nothing is allowed yet
[net] session 1: allow echo.lab.test, port 7
[net] session 1: allow alias.lab.test, port 7
[net] session 1: allow reset.lab.test, port 9
[net] session 1: allow chargen.lab.test, port 19
[net] session 1: allow blackhole.lab.test, port 80
[net] session 1: allow closed.lab.test, port 8
[net] session 1: allow nosuch.lab.test, any port
[net] DNS: echo.lab.test is 10.0.2.101 (13 ms)
[net] session 1: connected to echo.lab.test:7 (10.0.2.101) in 1021 ms
[net] session 1: echo.lab.test:7 closed: 4 bytes out, 4 in
[net] closing: 1 connections opened, 0 refused, 1 names resolved; 13 frames in, 14 out, 0 dropped
[kernel] pid 269 'bin/spacenet' exited with code 0
[init] PASS NET: killing the service fails its clients and frees the device; a new one serves and quits
[init] --- D01: SHA-256 in the guest matches the published test vectors
[init] PASS D01: SHA-256 in the guest matches the published test vectors
[init] --- D01: model file read from the guest disk matches the manifest checksum
[init] model /spaceos/model.slm: 460096 bytes, sha256 a1955def6c7b4e8e0f1299312b1e505f7819422eba762fd89d1d672d2043a2f0 verified from the guest disk
[init] PASS D01: model file read from the guest disk matches the manifest checksum
[init] --- D01: file API rejects bad paths, missing rights and bad buffers
[init] PASS D01: file API rejects bad paths, missing rights and bad buffers
[init] --- C01: Compute ABI: version negotiation, device query and queue lifetime
[kernel] spawn pid 270 'bin/spacecompute': entry=0x404244, 28 pages mapped, quota 4096 pages, interactive
[compute] Space Compute service, ABI v0, CPU backend
[compute] rejecting ABI v99 (this service speaks v0)
[init] compute device: CPU backend, ABI v0, buffers up to 64 MiB
[compute] shutdown requested; exiting
[kernel] pid 270 'bin/spacecompute' exited with code 0
[init] PASS C01: Compute ABI: version negotiation, device query and queue lifetime
[init] --- C01: Compute ABI: shared buffers, operations, bounds, unsupported ops
[kernel] spawn pid 271 'bin/spacecompute': entry=0x404244, 28 pages mapped, quota 4096 pages, interactive
[compute] Space Compute service, ABI v0, CPU backend
[compute] shutdown requested; exiting
[kernel] pid 271 'bin/spacecompute' exited with code 0
[init] PASS C01: Compute ABI: shared buffers, operations, bounds, unsupported ops
[init] --- C01: Compute ABI: a long operation times out, resumes and can be cancelled
[kernel] spawn pid 272 'bin/spacecompute': entry=0x404244, 28 pages mapped, quota 4096 pages, interactive
[compute] Space Compute service, ABI v0, CPU backend
[compute] shutdown requested; exiting
[kernel] pid 272 'bin/spacecompute' exited with code 0
[init] PASS C01: Compute ABI: a long operation times out, resumes and can be cancelled
[init] --- C01: a mapped memory object outlives the close of its last handle
[init] PASS C01: a mapped memory object outlives the close of its last handle
[init] --- C01: compute service teardown returns every frame it allocated
[kernel] spawn pid 273 'bin/spacecompute': entry=0x404244, 28 pages mapped, quota 4096 pages, interactive
[compute] Space Compute service, ABI v0, CPU backend
[compute] shutdown requested; exiting
[kernel] pid 273 'bin/spacecompute' exited with code 0
[kernel] spawn pid 274 'bin/spacecompute': entry=0x404244, 28 pages mapped, quota 4096 pages, interactive
[compute] Space Compute service, ABI v0, CPU backend
[compute] shutdown requested; exiting
[kernel] pid 274 'bin/spacecompute' exited with code 0
[kernel] spawn pid 275 'bin/spacecompute': entry=0x404244, 28 pages mapped, quota 4096 pages, interactive
[compute] Space Compute service, ABI v0, CPU backend
[compute] shutdown requested; exiting
[kernel] pid 275 'bin/spacecompute' exited with code 0
[init] compute cycles: frames free 2089725 -> 2089725, heap used 23072 -> 23072
[init] PASS C01: compute service teardown returns every frame it allocated
[init] --- B04: a session says the OS is usable exactly when it can read files and run and stop programs
[kernel] spawn pid 276 'bin/spaceshell': entry=0x404254, 31 pages mapped, quota 192 pages, interactive
[shell] Space OS session service, ABI v0
[shell] session open, ABI v0; the session holds 63 pages
[shell] session: worker idle (-), commands served 1
[shell] no console capability (permission denied); channel control only
[kernel] spawn pid 277 'bin/uiworker': entry=0x4006e4, 21 pages mapped, quota 128 pages, interactive
[worker] job 'ok' starting
[worker] job 'ok' finished (0x1df75ddf083b5b05)
[kernel] pid 277 'bin/uiworker' exited with code 0
[kernel] spawn pid 278 'bin/uiworker': entry=0x4006e4, 21 pages mapped, quota 128 pages, interactive
[worker] job 'hang' starting
[kernel] pid 278 'bin/uiworker' killed (killed, addr 0x0)
[status] OS usable: read 512 bytes of /spaceos/MODEL.SLM, ran bin/uiworker to its end and stopped another while it ran, in 30 ms
[shell] session closed after 3 commands
[kernel] pid 276 'bin/spaceshell' exited with code 0
[init] PASS B04: a session says the OS is usable exactly when it can read files and run and stop programs
[init] --- A01: native inference: a small model generates 128 tokens matching the pinned baseline
[kernel] spawn pid 279 'bin/spacecompute': entry=0x404244, 28 pages mapped, quota 4096 pages, interactive
[compute] Space Compute service, ABI v0, CPU backend
[kernel] spawn pid 280 'bin/spaceai': entry=0x406834, 35 pages mapped, quota 512 pages, interactive
[ai] Space OS AI runtime starting
[ai] rejected /spaceos/badmagic.slm: not a SpaceLM model
[ai] rejected /spaceos/baddims.slm: dimensions out of range
[ai] rejected /spaceos/trunc.slm: file size does not match the declared tensors
[ai] compute backend 1, ABI v0
[ai] model: 2 layers, d_model 64, 4 heads x 16, d_ff 128, vocab 256, 115008 params (449 KiB)
[ai] model verified: sha256 a1955def6c7b4e8e0f1299312b1e505f7819422eba762fd89d1d672d2043a2f0
[ai] working set: 711 KiB in 4 compute buffers
[ai] baseline: 10 prompt bytes, 128 tokens to generate
[status] AI ready: the model is verified and loaded on the CPU backend and answered after 425 ms
[ai] generated 128 tokens offline, all matching the pinned baseline
[ai] metrics: ttft=425 ms, total=6625 ms, 20.645 tokens/s, working set 711 KiB, runtime rss 268 KiB
[ai] first tokens: ".Oq..NN..\\..L.:.-..:.6.." ...
[compute] shutdown requested; exiting
[ai] result=PASS
[kernel] pid 279 'bin/spacecompute' exited with code 0
[kernel] pid 280 'bin/spaceai' exited with code 0
[init] PASS A01: native inference: a small model generates 128 tokens matching the pinned baseline
[init] --- U01: session service survives a crashed worker and keeps serving Stop and the file manager
[kernel] spawn pid 281 'bin/spaceshell': entry=0x404254, 31 pages mapped, quota 192 pages, interactive
[shell] Space OS session service, ABI v0
[shell] session open, ABI v0; the session holds 63 pages
[shell] session: worker idle (-), commands served 1
[shell] terminal ready on the console; type 'help'
space> [shell] files in /spaceos: 15 entries [./ ../ MODEL.SLM MANIFEST.TXT BASELINE.TXT BADMAGIC.SLM BADDIMS.SLM TRUNC.SLM BITFLIP.SLM VAR/ WS/ DOCS/ TLS/ CRED/ PKG/]
[kernel] spawn pid 282 'bin/uiworker': entry=0x4006e4, 21 pages mapped, quota 128 pages, background
[shell] started worker 'crash'
[worker] job 'crash' starting
[shell] session: worker running (crash), commands served 4
[worker] job 'crash' is about to fault
[kernel] pid 282 'bin/uiworker' killed: page fault at rip=0x400233 (error=0x4, addr=0x0)
[kernel] pid 282 'bin/uiworker' killed (page fault, addr 0x0)
[shell] worker 'crash' was killed: page fault (fault at 0x0); the session is unaffected
[shell] session: worker crashed (crash), commands served 6
[shell] files in /spaceos: 15 entries [./ ../ MODEL.SLM MANIFEST.TXT BASELINE.TXT BADMAGIC.SLM BADDIMS.SLM TRUNC.SLM BITFLIP.SLM VAR/ WS/ DOCS/ TLS/ CRED/ PKG/]
[kernel] spawn pid 283 'bin/uiworker': entry=0x4006e4, 21 pages mapped, quota 128 pages, background
[shell] started worker 'hang'
[worker] job 'hang' starting
[shell] session: worker running (hang), commands served 10
[worker] job 'hang' is wedged and never calls the kernel again
[shell] files in /spaceos: 15 entries [./ ../ MODEL.SLM MANIFEST.TXT BASELINE.TXT BADMAGIC.SLM BADDIMS.SLM TRUNC.SLM BITFLIP.SLM VAR/ WS/ DOCS/ TLS/ CRED/ PKG/]
[kernel] pid 283 'bin/uiworker' killed (killed, addr 0x0)
[shell] worker 'hang' ended: stopped
[shell] session: worker stopped (hang), commands served 14
[shell] Stop: worker 'hang' was killed after 15 ms
[shell] files in /spaceos: 15 entries [./ ../ MODEL.SLM MANIFEST.TXT BASELINE.TXT BADMAGIC.SLM BADDIMS.SLM TRUNC.SLM BITFLIP.SLM VAR/ WS/ DOCS/ TLS/ CRED/ PKG/]
[kernel] spawn pid 284 'bin/uiworker': entry=0x4006e4, 21 pages mapped, quota 128 pages, background
[shell] started worker 'slow'
[worker] job 'slow' starting
[shell] session: worker running (slow), commands served 17
[worker] job 'slow' is sleeping
[kernel] pid 284 'bin/uiworker' killed (killed, addr 0x0)
[shell] worker 'slow' ended: stopped
[shell] session: worker stopped (slow), commands served 18
[shell] Stop: worker 'slow' was killed after 7 ms
[kernel] spawn pid 285 'bin/uiworker': entry=0x4006e4, 21 pages mapped, quota 128 pages, background
[shell] started worker 'ok'
[worker] job 'ok' starting
[shell] session: worker running (ok), commands served 20
[worker] job 'ok' finished (0x1df75ddf083b5b05)
[kernel] pid 285 'bin/uiworker' exited with code 0
[shell] worker 'ok' ended: done
[shell] session: worker done (ok), commands served 21
[shell] files in /spaceos: 15 entries [./ ../ MODEL.SLM MANIFEST.TXT BASELINE.TXT BADMAGIC.SLM BADDIMS.SLM TRUNC.SLM BITFLIP.SLM VAR/ WS/ DOCS/ TLS/ CRED/ PKG/]
[init] session served 25 commands and outlived 4 workers
[shell] session closed after 26 commands
[kernel] pid 281 'bin/spaceshell' exited with code 0
[init] PASS U01: session service survives a crashed worker and keeps serving Stop and the file manager
[init] --- A02: a damaged model is refused in a session, for what is wrong with it, and the session answers on
[kernel] spawn pid 286 'bin/spaceshell': entry=0x404254, 31 pages mapped, quota 192 pages, interactive
[shell] Space OS session service, ABI v0
[shell] session open, ABI v0; the session holds 63 pages
[shell] session: worker idle (-), commands served 1
[shell] no console capability (permission denied); channel control only
[kernel] spawn pid 287 'bin/spacecompute': entry=0x404244, 28 pages mapped, quota 4096 pages, background
[kernel] spawn pid 288 'bin/spaceai': entry=0x406834, 35 pages mapped, quota 512 pages, background
[compute] Space Compute service, ABI v0, CPU backend
[shell] started worker 'infer'
[ai] Space OS AI runtime starting
[shell] session: worker running (infer), commands served 2
[ai] the session named the model file /spaceos/bitflip.slm
[ai] compute backend 1, ABI v0
[ai] model: 2 layers, d_model 64, 4 heads x 16, d_ff 128, vocab 256, 115008 params (449 KiB)
[ai] result=FAIL model checksum bc68bda03e866213036a835d6aeec1515c27ac199dd8a20bcbf9bf011b47868c does not match the manifest
[kernel] pid 288 'bin/spaceai' exited with code 1
[shell] worker 'infer' gave up: a20bcbf9bf011b47868c does not match the manifest
[compute] client disconnected; exiting
[kernel] pid 287 'bin/spacecompute' killed (killed, addr 0x0)
[shell] worker 'infer' ended: done
[shell] session: worker done (infer), commands served 54
[init] A02: /spaceos/bitflip.slm refused before a single step: a20bcbf9bf011b47868c does not match the manifest
[shell] files in /spaceos: 15 entries [./ ../ MODEL.SLM MANIFEST.TXT BASELINE.TXT BADMAGIC.SLM BADDIMS.SLM TRUNC.SLM BITFLIP.SLM VAR/ WS/ DOCS/ TLS/ CRED/ PKG/]
[kernel] spawn pid 289 'bin/spacecompute': entry=0x404244, 28 pages mapped, quota 4096 pages, background
[compute] Space Compute service, ABI v0, CPU backend
[kernel] spawn pid 290 'bin/spaceai': entry=0x406834, 35 pages mapped, quota 512 pages, background
[shell] started worker 'infer'
[ai] Space OS AI runtime starting
[shell] session: worker running (infer), commands served 59
[ai] the session named the model file /spaceos/badmagic.slm
[ai] compute backend 1, ABI v0
[ai] result=FAIL model rejected: not a SpaceLM model
[kernel] pid 290 'bin/spaceai' exited with code 1
[shell] worker 'infer' gave up: model rejected: not a SpaceLM model
[compute] client disconnected; exiting
[kernel] pid 289 'bin/spacecompute' killed (killed, addr 0x0)
[shell] worker 'infer' ended: done
[shell] session: worker done (infer), commands served 63
[init] A02: /spaceos/badmagic.slm refused before a single step: model rejected: not a SpaceLM model
[shell] files in /spaceos: 15 entries [./ ../ MODEL.SLM MANIFEST.TXT BASELINE.TXT BADMAGIC.SLM BADDIMS.SLM TRUNC.SLM BITFLIP.SLM VAR/ WS/ DOCS/ TLS/ CRED/ PKG/]
[kernel] spawn pid 291 'bin/uiworker': entry=0x4006e4, 21 pages mapped, quota 128 pages, background
[shell] started worker 'ok'
[worker] job 'ok' starting
[shell] session: worker running (ok), commands served 68
[worker] job 'ok' finished (0x1df75ddf083b5b05)
[kernel] pid 291 'bin/uiworker' exited with code 0
[shell] worker 'ok' ended: done
[shell] session: worker done (ok), commands served 69
[shell] session closed after 71 commands
[kernel] pid 286 'bin/spaceshell' exited with code 0
[init] PASS A02: a damaged model is refused in a session, for what is wrong with it, and the session answers on
[init] --- A02: a worker that runs out of its memory is refused, dies alone, and the session answers on
[kernel] spawn pid 292 'bin/spaceshell': entry=0x404254, 31 pages mapped, quota 192 pages, interactive
[shell] Space OS session service, ABI v0
[shell] session open, ABI v0; the session holds 63 pages
[shell] session: worker idle (-), commands served 1
[shell] no console capability (permission denied); channel control only
[kernel] spawn pid 293 'bin/uiworker': entry=0x4006e4, 21 pages mapped, quota 128 pages, background
[shell] started worker 'oom'
[worker] job 'oom' starting
[shell] session: worker running (oom), commands served 2
[worker] job 'oom' took 428 KiB, then the kernel said: quota exceeded
[user] panic: panicked at user/tests/uiworker/src/main.rs:65:17:
out of memory after 428 KiB
[kernel] pid 293 'bin/uiworker' exited with code 101
[shell] worker 'oom' ended: done
[shell] session: worker done (oom), commands served 6
[kernel] spawn pid 294 'bin/uiworker': entry=0x4006e4, 21 pages mapped, quota 128 pages, background
[shell] started worker 'ok'
[worker] job 'ok' starting
[shell] session: worker running (ok), commands served 9
[worker] job 'ok' finished (0x1df75ddf083b5b05)
[kernel] pid 294 'bin/uiworker' exited with code 0
[shell] worker 'ok' ended: done
[shell] session: worker done (ok), commands served 10
[shell] session closed after 12 commands
[kernel] pid 292 'bin/spaceshell' exited with code 0
[init] PASS A02: a worker that runs out of its memory is refused, dies alone, and the session answers on
[init] --- A02: workers that take every free frame are refused at the end of it, the session answers, a new program is refused, and Stop gives every frame back
[kernel] spawn pid 295 'bin/spaceshell': entry=0x404254, 31 pages mapped, quota 192 pages, interactive
[shell] Space OS session service, ABI v0
[shell] session open, ABI v0; the session holds 63 pages
[shell] session: worker idle (-), commands served 1
[shell] no console capability (permission denied); channel control only
[kernel] spawn pid 296 'bin/uiworker': entry=0x4006e4, 21 pages mapped, quota 1048576 pages, interactive
[kernel] spawn pid 297 'bin/uiworker': entry=0x4006e4, 21 pages mapped, quota 1048576 pages, interactive
[kernel] spawn pid 298 'bin/uiworker': entry=0x4006e4, 21 pages mapped, quota 58029 pages, interactive
[worker] job 'hog' starting
[worker] job 'hog' starting
[worker] job 'hog' starting
[worker] job 'hog' took 232032 KiB, then the kernel said: quota exceeded
[worker] job 'hog' took 4103548 KiB, then the kernel said: out of memory
[worker] job 'hog' took 4006160 KiB, then the kernel said: out of memory
[shell] files in /spaceos: 15 entries [./ ../ MODEL.SLM MANIFEST.TXT BASELINE.TXT BADMAGIC.SLM BADDIMS.SLM TRUNC.SLM BITFLIP.SLM VAR/ WS/ DOCS/ TLS/ CRED/ PKG/]
[kernel] pid 296 'bin/uiworker' killed (killed, addr 0x0)
[kernel] pid 298 'bin/uiworker' killed (killed, addr 0x0)
[kernel] pid 297 'bin/uiworker' killed (killed, addr 0x0)
[init] A02: 3 worker(s) took 8162 MiB in 27806 ms and left 0 frames free; the session answered, a new program was refused, and all 2089645 frames came back
[shell] session closed after 4 commands
[kernel] pid 295 'bin/spaceshell' exited with code 0
[init] PASS A02: workers that take every free frame are refused at the end of it, the session answers, a new program is refused, and Stop gives every frame back
[init] --- U01: a session cannot exceed the capabilities it was given
[kernel] spawn pid 299 'bin/spaceshell': entry=0x404254, 31 pages mapped, quota 192 pages, interactive
[shell] Space OS session service, ABI v0
[shell] session open, ABI v0; the session holds 63 pages
[shell] session: worker idle (-), commands served 1
[shell] terminal ready on the console; type 'help'
space> [kernel] spawn pid 300 'bin/uiworker': entry=0x4006e4, 21 pages mapped, quota 128 pages, background
[shell] started worker 'ok'
[worker] job 'ok' starting
[shell] session: worker running (ok), commands served 3
[worker] job 'ok' finished (0x1df75ddf083b5b05)
[kernel] pid 300 'bin/uiworker' exited with code 0
[shell] worker 'ok' ended: done
[shell] session: worker done (ok), commands served 4
[kernel] console input: 8 byte(s) dropped, the buffer was full

[shell] input was lost; the line was discarded
space> IJKLMNOPQRSTUVWXYZABCDEFGHIJKLMNOPQRSTUVWXYZABCDEFGHIJKLMNOPQRSTUVWXYZABCDEFGHIJKLMNOPQRSTUVWXYZ[shell] session closed after 9 commands
[kernel] pid 299 'bin/spaceshell' exited with code 0
[init] PASS U01: a session cannot exceed the capabilities it was given
[init] --- U01: the model writes text in a session, Stop ends it between two compute steps, and the session answers on
[kernel] spawn pid 301 'bin/spaceshell': entry=0x404254, 31 pages mapped, quota 192 pages, interactive
[shell] Space OS session service, ABI v0
[shell] session open, ABI v0; the session holds 63 pages
[shell] session: worker idle (-), commands served 1
[shell] no console capability (permission denied); channel control only
[kernel] spawn pid 302 'bin/spacecompute': entry=0x404244, 28 pages mapped, quota 4096 pages, background
[compute] Space Compute service, ABI v0, CPU backend
[kernel] spawn pid 303 'bin/spaceai': entry=0x406834, 35 pages mapped, quota 512 pages, background
[ai] Space OS AI runtime starting
[shell] started worker 'infer'
[shell] session: worker running (infer), commands served 2
[ai] compute backend 1, ABI v0
[ai] model: 2 layers, d_model 64, 4 heads x 16, d_ff 128, vocab 256, 115008 params (449 KiB)
[ai] model verified: sha256 a1955def6c7b4e8e0f1299312b1e505f7819422eba762fd89d1d672d2043a2f0
[ai] working set: 711 KiB in 4 compute buffers
[ai] baseline: 10 prompt bytes, 128 tokens to generate
[ai] session: up to 128 tokens; a Stop is honoured between two compute steps
[status] AI ready: the model is verified and loaded on the CPU backend and answered after 473 ms
[ai] generated 128 tokens offline, all matching the pinned baseline
[ai] metrics: ttft=473 ms, total=6770 ms, 20.327 tokens/s, working set 711 KiB, runtime rss 268 KiB
[ai] first tokens: ".Oq..NN..\\..L.:.-..:.6.." ...
[compute] shutdown requested; exiting
[ai] result=PASS
[kernel] pid 302 'bin/spacecompute' exited with code 0
[shell] worker 'infer': 128 tokens, 128 matching the baseline, first after 473 ms
[kernel] pid 303 'bin/spaceai' exited with code 0
[shell] worker 'infer' ended: done
[shell] session: worker done (infer), commands served 1972
[init] session: the model wrote 128/128 tokens, all matching the baseline, the first after 473 ms
[kernel] spawn pid 304 'bin/spacecompute': entry=0x404244, 28 pages mapped, quota 4096 pages, background
[compute] Space Compute service, ABI v0, CPU backend
[kernel] spawn pid 305 'bin/spaceai': entry=0x406834, 35 pages mapped, quota 512 pages, background
[shell] started worker 'infer'
[ai] Space OS AI runtime starting
[shell] session: worker running (infer), commands served 1975
[ai] compute backend 1, ABI v0
[ai] model: 2 layers, d_model 64, 4 heads x 16, d_ff 128, vocab 256, 115008 params (449 KiB)
[ai] model verified: sha256 a1955def6c7b4e8e0f1299312b1e505f7819422eba762fd89d1d672d2043a2f0
[ai] working set: 711 KiB in 4 compute buffers
[ai] baseline: 10 prompt bytes, 128 tokens to generate
[ai] session: up to 128 tokens; a Stop is honoured between two compute steps
[status] AI ready: the model is verified and loaded on the CPU backend and answered after 494 ms
[ai] stopped on request after 8 of 128 tokens
[compute] shutdown requested; exiting
[ai] result=STOPPED
[kernel] pid 304 'bin/spacecompute' exited with code 0
[shell] worker 'infer' stopped between two steps after 8 of 128 tokens
[kernel] pid 305 'bin/spaceai' exited with code 3
[shell] worker 'infer' ended: stopped
[shell] session: worker stopped (infer), commands served 2026
[shell] Stop: worker 'infer' ended between two steps after 22 ms
[init] session: Stop ended the worker between two steps after 8/128 tokens, 26 ms after it was asked
[shell] files in /spaceos: 15 entries [./ ../ MODEL.SLM MANIFEST.TXT BASELINE.TXT BADMAGIC.SLM BADDIMS.SLM TRUNC.SLM BITFLIP.SLM VAR/ WS/ DOCS/ TLS/ CRED/ PKG/]
[shell] session closed after 2030 commands
[kernel] pid 301 'bin/spaceshell' exited with code 0
[init] PASS U01: the model writes text in a session, Stop ends it between two compute steps, and the session answers on
[init] --- U01: console input is a capability of its own and never blocks
[init] PASS U01: console input is a capability of its own and never blocks
[init] --- U01: a key press reaches user space through IRQ 1 and the decoder
[init] PASS U01: a key press reaches user space through IRQ 1 and the decoder
[init] --- U01: input lost to a full buffer is reported before the bytes that survived
[kernel] console input: 8 byte(s) dropped, the buffer was full
[init] PASS U01: input lost to a full buffer is reported before the bytes that survived
[init] --- U01: the desktop takes the screen, and one display server at a time
[kernel] spawn pid 306 'bin/spacedesk': entry=0x408c10, 44 pages mapped, quota 1400 pages, interactive
[kernel] display: leased to pid 306 'bin/spacedesk'; the console goes on on the serial port
[desk] Space OS desktop on a 1280x800 screen (BGRX)
[init] desktop: 1280x800 screen leased to the desktop; a second lease is refused
[desk] closed after 1 frames
[kernel] pid 306 'bin/spacedesk' exited with code 0
[kernel] display: returned to the console
[kernel] display: leased to pid 1 'bin/init'; the console goes on on the serial port
[kernel] display: returned to the console
[init] PASS U01: the desktop takes the screen, and one display server at a time
[init] --- U01: windows take the keyboard, move, resize, minimize, change workspace and close from the keyboard
[kernel] spawn pid 307 'bin/spacedesk': entry=0x408c10, 44 pages mapped, quota 1400 pages, interactive
[kernel] display: leased to pid 307 'bin/spacedesk'; the console goes on on the serial port
[desk] Space OS desktop on a 1280x800 screen (BGRX)
[kernel] spawn pid 308 'bin/deskapps': entry=0x40b940, 47 pages mapped, quota 1536 pages, interactive
[desk] starting terminal
[kernel] spawn pid 309 'bin/spaceshell': entry=0x404254, 31 pages mapped, quota 256 pages, interactive
[shell] Space OS session service, ABI v0
[shell] session open, ABI v0; the session holds 63 pages
[shell] session: worker idle (-), commands served 1
[shell] no console capability (permission denied); channel control only
[deskterm] Space OS terminal; type 'help'
[desk] window 1 'Terminal' (terminal) opened at 20,70, 720x400
[desk] focus: 'Terminal' (window 1)
[kernel] spawn pid 310 'bin/deskapps': entry=0x40b940, 47 pages mapped, quota 1536 pages, interactive
[desk] starting files
[deskfiles] /spaceos: 15 entries
[desk] window 2 'Files' (files) opened at 780,70, 460x360
[desk] focus: 'Files' (window 2)
[desk] focus: 'Terminal' (window 1)
[desk] shortcut Alt+Tab
[desk] moved 'Terminal' to 52,70
[desk] shortcut Alt+Right
[desk] resized 'Terminal' to 720x432
[desk] shortcut Alt+Shift+Down
[desk] minimized 'Terminal'
[desk] focus: 'Files' (window 2)
[desk] shortcut Super+M
[desk] workspace 2
[desk] shortcut Ctrl+Alt+Right
[desk] workspace 1
[desk] focus: 'Files' (window 2)
[desk] shortcut Ctrl+Alt+Left
[desk] restored 'Terminal'
[desk] focus: 'Terminal' (window 1)
[desk] shortcut Alt+Tab
[desk] focus: 'Files' (window 2)
[desk] shortcut Alt+Tab
[desk] asked 'Files' to close
[desk] shortcut Alt+F4
[kernel] pid 310 'bin/deskapps' exited with code 0
[desk] window 2 'Files' closed: the app closed its window
[desk] focus: 'Terminal' (window 1)
[init] desktop: focus, move, resize, minimize, workspaces and close all worked; 4 frames presented
[shell] session closed after 2 commands
[kernel] pid 309 'bin/spaceshell' exited with code 0
[kernel] pid 308 'bin/deskapps' exited with code 0
[desk] window 1 'Terminal' closed: the app closed its window
[desk] closed after 4 frames
[kernel] pid 307 'bin/spacedesk' exited with code 0
[kernel] display: returned to the console
[init] PASS U01: windows take the keyboard, move, resize, minimize, change workspace and close from the keyboard
[init] --- U01: the desktop, terminal, file manager and Stop keep working while inference workers crash
[kernel] spawn pid 311 'bin/spacedesk': entry=0x408c10, 44 pages mapped, quota 1400 pages, interactive
[kernel] display: leased to pid 311 'bin/spacedesk'; the console goes on on the serial port
[desk] Space OS desktop on a 1280x800 screen (BGRX)
[kernel] spawn pid 312 'bin/deskapps': entry=0x40b940, 47 pages mapped, quota 1536 pages, interactive
[desk] starting terminal
[kernel] spawn pid 313 'bin/spaceshell': entry=0x404254, 31 pages mapped, quota 256 pages, interactive
[shell] Space OS session service, ABI v0
[shell] session open, ABI v0; the session holds 63 pages
[shell] session: worker idle (-), commands served 1
[shell] no console capability (permission denied); channel control only
[deskterm] Space OS terminal; type 'help'
[desk] window 1 'Terminal' (terminal) opened at 20,70, 720x400
[desk] focus: 'Terminal' (window 1)
[kernel] spawn pid 314 'bin/deskapps': entry=0x40b940, 47 pages mapped, quota 1536 pages, interactive
[desk] starting files
[deskfiles] /spaceos: 15 entries
[desk] window 2 'Files' (files) opened at 780,70, 460x360
[desk] focus: 'Files' (window 2)
[kernel] spawn pid 315 'bin/deskapps': entry=0x40b940, 47 pages mapped, quota 1536 pages, interactive
[desk] starting agent
[kernel] spawn pid 316 'bin/spaceshell': entry=0x404254, 31 pages mapped, quota 256 pages, interactive
[shell] Space OS session service, ABI v0
[shell] session open, ABI v0; the session holds 63 pages
[shell] session: worker idle (-), commands served 1
[shell] no console capability (permission denied); channel control only
[deskagent] no worker has run
[desk] window 3 'Agent Center' (agent) opened at 620,390, 640x330
[desk] focus: 'Agent Center' (window 3)
[kernel] spawn pid 317 'bin/uiworker': entry=0x4006e4, 21 pages mapped, quota 128 pages, background
[shell] started worker 'crash'
[shell] session: worker running (crash), commands served 4
[deskagent] started 'crash'
[worker] job 'crash' starting
[worker] job 'crash' is about to fault
[kernel] pid 317 'bin/uiworker' killed: page fault at rip=0x400233 (error=0x4, addr=0x0)
[kernel] pid 317 'bin/uiworker' killed (page fault, addr 0x0)
[shell] worker 'crash' was killed: page fault (fault at 0x0); the session is unaffected
[shell] session: worker crashed (crash), commands served 5
[deskagent] worker 'crash' running
[deskagent] worker 'crash' crashed (page fault)
[init] desktop: agent: worker 'crash' crashed (page fault); Stop has nothing to stop; 7 commands served
[desk] focus: 'Terminal' (window 1)
[desk] shortcut Alt+Tab
[deskterm] $ status
[deskterm] no worker has run; the session has served 2 commands
[init] desktop: terminal: space> status | no worker has run; the session has served 2 commands
[desk] focus: 'Files' (window 2)
[desk] shortcut Alt+Tab
[init] desktop: files: /spaceos, 13 entries, selected MANIFEST.TXT (134 bytes)
[desk] focus: 'Agent Center' (window 3)
[desk] shortcut Alt+Tab
[kernel] spawn pid 318 'bin/uiworker': entry=0x4006e4, 21 pages mapped, quota 128 pages, background
[shell] started worker 'hang'
[shell] session: worker running (hang), commands served 9
[deskagent] started 'hang'
[worker] job 'hang' starting
[worker] job 'hang' is wedged and never calls the kernel again
[deskagent] worker 'hang' running
[kernel] pid 318 'bin/uiworker' killed (killed, addr 0x0)
[shell] worker 'hang' ended: stopped
[shell] session: worker stopped (hang), commands served 12
[shell] Stop: worker 'hang' was killed after 4 ms
[deskagent] worker 'hang' stopped
[deskagent] Stop: worker 'hang' stopped (5 ms)
[init] desktop: agent: worker 'hang' stopped; Stop has nothing to stop; 13 commands served (24 ms after Stop was pressed)
[init] desktop: 4 frames presented while the workers crashed and hung
[kernel] pid 314 'bin/deskapps' exited with code 0
[shell] session closed after 15 commands
[shell] session closed after 3 commands
[kernel] pid 313 'bin/spaceshell' exited with code 0
[kernel] pid 316 'bin/spaceshell' exited with code 0
[desk] window 2 'Files' closed: the app closed its window
[kernel] pid 312 'bin/deskapps' exited with code 0
[kernel] pid 315 'bin/deskapps' exited with code 0
[desk] window 1 'Terminal' closed: the app closed its window
[desk] window 3 'Agent Center' closed: the app closed its window
[desk] closed after 7 frames
[kernel] pid 311 'bin/spacedesk' exited with code 0
[kernel] display: returned to the console
[init] PASS U01: the desktop, terminal, file manager and Stop keep working while inference workers crash
[init] --- U01: the model writes text in the Agent Center, Stop ends it between two steps, and the terminal answers
[kernel] spawn pid 319 'bin/spacedesk': entry=0x408c10, 44 pages mapped, quota 1400 pages, interactive
[kernel] display: leased to pid 319 'bin/spacedesk'; the console goes on on the serial port
[desk] Space OS desktop on a 1280x800 screen (BGRX)
[kernel] spawn pid 320 'bin/deskapps': entry=0x40b940, 47 pages mapped, quota 1536 pages, interactive
[desk] starting terminal
[kernel] spawn pid 321 'bin/spaceshell': entry=0x404254, 31 pages mapped, quota 256 pages, interactive
[shell] Space OS session service, ABI v0
[shell] session open, ABI v0; the session holds 63 pages
[shell] session: worker idle (-), commands served 1
[deskterm] Space OS terminal; type 'help'
[shell] no console capability (permission denied); channel control only
[desk] window 1 'Terminal' (terminal) opened at 20,70, 720x400
[desk] focus: 'Terminal' (window 1)
[kernel] spawn pid 322 'bin/deskapps': entry=0x40b940, 47 pages mapped, quota 1536 pages, interactive
[desk] starting agent
[kernel] spawn pid 323 'bin/spaceshell': entry=0x404254, 31 pages mapped, quota 256 pages, interactive
[shell] Space OS session service, ABI v0
[shell] session open, ABI v0; the session holds 63 pages
[shell] session: worker idle (-), commands served 1
[shell] no console capability (permission denied); channel control only
[deskagent] no worker has run
[desk] window 2 'Agent Center' (agent) opened at 620,390, 640x330
[desk] focus: 'Agent Center' (window 2)
[kernel] spawn pid 324 'bin/spacecompute': entry=0x404244, 28 pages mapped, quota 4096 pages, background
[kernel] spawn pid 325 'bin/spaceai': entry=0x406834, 35 pages mapped, quota 512 pages, background
[compute] Space Compute service, ABI v0, CPU backend
[ai] Space OS AI runtime starting
[shell] started worker 'infer'
[shell] session: worker running (infer), commands served 4
[deskagent] started 'infer'
[ai] compute backend 1, ABI v0
[deskagent] worker 'infer' running
[ai] model: 2 layers, d_model 64, 4 heads x 16, d_ff 128, vocab 256, 115008 params (449 KiB)
[ai] model verified: sha256 a1955def6c7b4e8e0f1299312b1e505f7819422eba762fd89d1d672d2043a2f0
[ai] working set: 711 KiB in 4 compute buffers
[ai] baseline: 10 prompt bytes, 128 tokens to generate
[ai] session: up to 128 tokens; a Stop is honoured between two compute steps
[status] AI ready: the model is verified and loaded on the CPU backend and answered after 450 ms
[deskagent] worker 'infer' wrote its first token after 450 ms
[init] desktop: agent: worker 'infer' running; 8/128 tokens, 8 matching; Stop ready; 21 commands served
[ai] stopped on request after 8 of 128 tokens
[compute] shutdown requested; exiting
[ai] result=STOPPED
[kernel] pid 325 'bin/spaceai' exited with code 3
[shell] worker 'infer' stopped between two steps after 8 of 128 tokens
[kernel] pid 324 'bin/spacecompute' exited with code 0
[shell] worker 'infer' ended: stopped
[shell] session: worker stopped (infer), commands served 23
[shell] Stop: worker 'infer' ended between two steps after 3 ms
[deskagent] worker 'infer' stopped between two steps after 8 of 128 tokens (Stop took 3 ms)
[deskagent] Stop: worker 'infer' stopped between two steps after 8 of 128 tokens (Stop took 3 ms) (5 ms)
[init] desktop: agent: worker 'infer' stopped between two steps after 8 of 128 tokens (Stop took 3 ms); 8/128 tokens, 8 matching; Stop has nothing to stop; 24 commands served (11 ms after Stop was pressed)
[desk] focus: 'Terminal' (window 1)
[desk] shortcut Alt+Tab
[deskterm] $ status
[deskterm] no worker has run; the session has served 2 commands
[init] desktop: terminal: space> status | no worker has run; the session has served 2 commands
[shell] session closed after 26 commands
[shell] session closed after 3 commands
[kernel] pid 321 'bin/spaceshell' exited with code 0
[kernel] pid 323 'bin/spaceshell' exited with code 0
[kernel] pid 320 'bin/deskapps' exited with code 0
[kernel] pid 322 'bin/deskapps' exited with code 0
[desk] window 2 'Agent Center' closed: the app closed its window
[desk] window 1 'Terminal' closed: the app closed its window
[desk] closed after 13 frames
[kernel] pid 319 'bin/spacedesk' exited with code 0
[kernel] display: returned to the console
[init] PASS U01: the model writes text in the Agent Center, Stop ends it between two steps, and the terminal answers
[init] --- L01: the Command Center searches the index, shows where each result came from, bundles it and opens it in Files
[kernel] spawn pid 326 'bin/spacedesk': entry=0x408c10, 44 pages mapped, quota 1400 pages, interactive
[kernel] display: leased to pid 326 'bin/spacedesk'; the console goes on on the serial port
[desk] Space OS desktop on a 1280x800 screen (BGRX)
[kernel] spawn pid 327 'bin/deskapps': entry=0x40b940, 47 pages mapped, quota 1536 pages, interactive
[desk] starting command
[kernel] spawn pid 328 'bin/spacelink': entry=0x4066d4, 32 pages mapped, quota 256 pages, interactive
[link] SpaceLink service, ABI v0
[link] operator attached, ABI v0
[link] indexed 4 document(s) into 7 chunk(s) from /spaceos/docs
[deskcmd] index: 4 documents, 7 chunks, 0 revoked in /spaceos/docs
[desk] window 1 'Command Center' (command) opened at 20,70, 680x400
[desk] focus: 'Command Center' (window 1)
[deskcmd] 3 results for 'channel'; first /spaceos/docs/IPC.TXT bytes 0+186 sha 0d37dfc6
[init] desktop: command: 3 results for 'channel'; selected 1 /spaceos/docs/IPC.TXT bytes 0+186 sha 0d37dfc6; index 4 docs 7 chunks 0 revoked
[link] bundle for "channel": 3 chunk(s), 434 byte(s) of 512 budget
[deskcmd] context bundle for 'channel': 3 entries, 434 of 512 bytes, digest 1422fbd7
[init] desktop: 3 entries, 434 of 512 bytes
[deskcmd] showing /spaceos/docs/IPC.TXT in the file manager
[desk] 'Command Center' asked to show /spaceos/docs/IPC.TXT in the file manager
[kernel] spawn pid 329 'bin/deskapps': entry=0x40b940, 47 pages mapped, quota 1536 pages, interactive
[desk] starting files
[deskfiles] /spaceos/docs: 6 entries
[deskfiles] selected IPC.TXT
[desk] window 2 'Files' (files) opened at 740,70, 460x360
[desk] focus: 'Files' (window 2)
[init] desktop: files: /spaceos/docs, 4 entries, selected IPC.TXT (266 bytes)
[link] closing: 7 chunk(s), 0 revoked document(s)
[kernel] pid 329 'bin/deskapps' exited with code 0
[kernel] pid 328 'bin/spacelink' exited with code 0
[kernel] pid 327 'bin/deskapps' exited with code 0
[desk] window 1 'Command Center' closed: the app closed its window
[desk] window 2 'Files' closed: the app closed its window
[desk] closed after 5 frames
[kernel] pid 326 'bin/spacedesk' exited with code 0
[kernel] display: returned to the console
[init] PASS L01: the Command Center searches the index, shows where each result came from, bundles it and opens it in Files
[init] --- U01: a desktop that is killed gives the screen back, and a new one starts
[kernel] spawn pid 330 'bin/spacedesk': entry=0x408c10, 44 pages mapped, quota 1400 pages, interactive
[kernel] display: leased to pid 330 'bin/spacedesk'; the console goes on on the serial port
[desk] Space OS desktop on a 1280x800 screen (BGRX)
[kernel] spawn pid 331 'bin/deskapps': entry=0x40b940, 47 pages mapped, quota 1536 pages, interactive
[desk] starting terminal
[kernel] spawn pid 332 'bin/spaceshell': entry=0x404254, 31 pages mapped, quota 256 pages, interactive
[shell] Space OS session service, ABI v0
[shell] session open, ABI v0; the session holds 63 pages
[shell] session: worker idle (-), commands served 1
[shell] no console capability (permission denied); channel control only
[deskterm] Space OS terminal; type 'help'
[desk] window 1 'Terminal' (terminal) opened at 20,70, 720x400
[kernel] pid 330 'bin/spacedesk' killed (killed, addr 0x0)
[kernel] display: returned to the console
[shell] session closed after 2 commands
[kernel] pid 332 'bin/spaceshell' exited with code 0
[kernel] display: leased to pid 1 'bin/init'; the console goes on on the serial port
[kernel] display: returned to the console
[kernel] pid 331 'bin/deskapps' exited with code 0
[kernel] spawn pid 333 'bin/spacedesk': entry=0x408c10, 44 pages mapped, quota 1400 pages, interactive
[kernel] display: leased to pid 333 'bin/spacedesk'; the console goes on on the serial port
[desk] Space OS desktop on a 1280x800 screen (BGRX)
[kernel] spawn pid 334 'bin/deskapps': entry=0x40b940, 47 pages mapped, quota 1536 pages, interactive
[desk] starting terminal
[kernel] spawn pid 335 'bin/spaceshell': entry=0x404254, 31 pages mapped, quota 256 pages, interactive
[shell] Space OS session service, ABI v0
[shell] session open, ABI v0; the session holds 63 pages
[shell] session: worker idle (-), commands served 1
[shell] no console capability (permission denied); channel control only
[deskterm] Space OS terminal; type 'help'
[desk] window 1 'Terminal' (terminal) opened at 20,70, 720x400
[desk] focus: 'Terminal' (window 1)
[shell] session closed after 2 commands
[kernel] pid 335 'bin/spaceshell' exited with code 0
[kernel] pid 334 'bin/deskapps' exited with code 0
[desk] window 1 'Terminal' closed: the app closed its window
[desk] closed after 2 frames
[kernel] pid 333 'bin/spacedesk' exited with code 0
[kernel] display: returned to the console
[init] desktop: killed with a window open, the screen came back, and a new desktop started
[init] PASS U01: a desktop that is killed gives the screen back, and a new one starts
[init] --- D01: a written file reads back byte for byte
[init] PASS D01: a written file reads back byte for byte
[init] --- D01: writing is a right of its own
[init] PASS D01: writing is a right of its own
[init] --- D01: a file opened for writing keeps what it holds and grows at its end
[init] PASS D01: a file opened for writing keeps what it holds and grows at its end
[init] --- D02: a write the volume has no room for is refused whole, and the file and the volume are as they were
[kernel] vfs: injected limit: 2 more cluster(s) may be claimed
[kernel] vfs: injected limit: lifted
[init] storage: a 5000-byte write with room for 2 more clusters was refused (no space left on the volume): the file kept its 1000 bytes and the volume its 124843 free clusters; without the limit it went through, and removing the file gave back every cluster (124845 free)
[init] PASS D02: a write the volume has no room for is refused whole, and the file and the volume are as they were
[init] --- D02: a device error is reported, never as success, and the file keeps what it held
[kernel] block: injected failure: 0 write(s) succeed, then 1 fail
[kernel] block: injected failure: 0 write(s) succeed, then 0 fail
[kernel] block: injected failure: 3 write(s) succeed, then 1 fail
[kernel] block: injected failure: 0 write(s) succeed, then 0 fail
[kernel] block: injected failure: 0 write(s) succeed, then 1 fail
[kernel] block: injected failure: 0 write(s) succeed, then 0 fail
[init] storage: a device error on a growing write's first device write, in the middle of claiming its clusters, and on an overwrite's data write was reported (input/output error) each time; the file kept its 600 bytes, no cluster was lost, and the next write went through
[init] PASS D02: a device error is reported, never as success, and the file keeps what it held
[init] --- D02: a document is replaced through staging and one committing write: the old version or the new, never a mix
[kernel] block: injected failure: 1 write(s) succeed, then 1 fail
[kernel] block: injected failure: 0 write(s) succeed, then 0 fail
[init] storage: a document was replaced by its staged version with one sector write; a commit whose write failed (input/output error) left the old version and 1 lost cluster, which a repair gave back; a document held open was not replaced (resource busy)
[init] PASS D02: a document is replaced through staging and one committing write: the old version or the new, never a mix
[init] --- D02: a removed file is gone and its space comes back; a file held open is not removed or emptied
[init] storage: a file held open was neither removed nor emptied (resource busy); once let go it was removed and its 6 cluster(s) came back (124845 free)
[init] PASS D02: a removed file is gone and its space comes back; a file held open is not removed or emptied
[init] --- D01: the volume remembers across a reboot
[init] persistence: generation 5 survived the reboot, wrote 6
[init] PASS D01: the volume remembers across a reboot
[init] --- U01: the file manager lists the guest volume
[init] PASS U01: the file manager lists the guest volume
[init] --- G01: agent reads, patches and checks inside its workspace
[kernel] spawn pid 336 'bin/spacebroker': entry=0x403574, 29 pages mapped, quota 256 pages, interactive
[broker] Space OS Tool Broker, ABI v0, workspace /spaceos/ws
[broker] operator attached, ABI v0
[kernel] spawn pid 337 'bin/spaceagent': entry=0x401f74, 27 pages mapped, quota 256 pages, interactive
[broker] serving an agent
[agent] Space OS agent runtime, ABI v0
[agent] no file capability of my own, as expected
[agent] workspace: TASK.TXT INPUT.TXT EXPECT.TXT OUTPUT.TXT FRESH.TXT LATER.TXT
[agent] task: TODO => DONE
[agent] patched 119 bytes into 119 bytes
[broker] check 'verify': PASS (119 bytes produced, 119 expected)
[agent] check 'verify' passed
[broker] read /spaceos/manifest.txt -> denied-scope
[broker] write /spaceos/ws/../stolen.txt -> denied-scope
[broker] audit - -> denied-tool
[agent] out-of-scope read, escape and audit access all refused
[broker] agent reported done
[agent] result=PASS (3 refusals recorded by the broker)
[kernel] pid 337 'bin/spaceagent' exited with code 0
[init] audit: 14 entries, 11 allowed, 3 refused
[broker] closing: 14 tool calls, 3 refused
[kernel] pid 336 'bin/spacebroker' exited with code 0
[init] PASS G01: agent reads, patches and checks inside its workspace
[init] --- G01: every way out of the workspace is refused and recorded
[kernel] spawn pid 338 'bin/spacebroker': entry=0x403574, 29 pages mapped, quota 256 pages, interactive
[broker] Space OS Tool Broker, ABI v0, workspace /spaceos/ws
[broker] operator attached, ABI v0
[broker] serving an agent
[broker] read /spaceos/manifest.txt -> denied-scope
[broker] write /spaceos/ws/../stolen.txt -> denied-scope
[broker] read /spaceos/ws/sub/deep.txt -> denied-scope
[broker] read /spaceos/ws//double.txt -> denied-scope
[broker] read /spaceos/wsx/other.txt -> denied-scope
[broker] read spaceos/ws/relative.txt -> denied-scope
[broker] list / -> denied-scope
[broker] list /spaceos -> denied-scope
[broker] audit - -> denied-tool
[broker] attach - -> denied-tool
[broker] quit - -> denied-tool
[broker] ? - -> denied-tool
[broker] read /spaceos/ws/nope.txt -> failed
[broker] check not-a-check -> failed
[broker] malformed tool request of 5 bytes
[broker] agent reported done
[init] audit after the escape attempts: 17 entries, 3 allowed, 14 refused
[broker] closing: 17 tool calls, 14 refused
[kernel] pid 338 'bin/spacebroker' exited with code 0
[init] PASS G01: every way out of the workspace is refused and recorded
[init] --- G01: the broker outlives an agent that disappears
[kernel] spawn pid 339 'bin/spacebroker': entry=0x403574, 29 pages mapped, quota 256 pages, interactive
[broker] Space OS Tool Broker, ABI v0, workspace /spaceos/ws
[broker] operator attached, ABI v0
[broker] serving an agent
[broker] agent is gone; the workspace is unchanged from here on
[broker] closing: 1 tool calls, 0 refused
[kernel] pid 339 'bin/spacebroker' exited with code 0
[init] PASS G01: the broker outlives an agent that disappears
[init] --- L01: corpus is indexed and queries return ranked chunks with verifiable provenance
[kernel] spawn pid 340 'bin/spacelink': entry=0x4066d4, 32 pages mapped, quota 256 pages, interactive
[link] SpaceLink service, ABI v0
[link] operator attached, ABI v0
[link] revocation list cleared
[link] indexed 4 document(s) into 7 chunk(s) from /spaceos/docs
[link] closing: 7 chunk(s), 0 revoked document(s)
[kernel] pid 340 'bin/spacelink' exited with code 0
[init] PASS L01: corpus is indexed and queries return ranked chunks with verifiable provenance
[init] --- L02: a revoked document leaves every result and does not return on re-index
[kernel] spawn pid 341 'bin/spacelink': entry=0x4066d4, 32 pages mapped, quota 256 pages, interactive
[link] SpaceLink service, ABI v0
[link] operator attached, ABI v0
[link] revocation list cleared
[link] indexed 4 document(s) into 7 chunk(s) from /spaceos/docs
[link] revoked /spaceos/docs/SECRET.TXT; 6 chunk(s) remain
[link] bundle for "channel quota": 3 chunk(s), 426 byte(s) of 4096 budget
[link] indexed 3 document(s) into 6 chunk(s) from /spaceos/docs
[link] closing: 6 chunk(s), 1 revoked document(s)
[kernel] pid 341 'bin/spacelink' exited with code 0
[init] PASS L02: a revoked document leaves every result and does not return on re-index
[init] --- L02: a revocation outlives the process that made it
[kernel] spawn pid 342 'bin/spacelink': entry=0x4066d4, 32 pages mapped, quota 256 pages, interactive
[link] SpaceLink service, ABI v0
[link] operator attached, ABI v0
[link] 1 revocation(s) loaded from disk
[link] revocation list cleared
[link] indexed 4 document(s) into 7 chunk(s) from /spaceos/docs
[link] revoked /spaceos/docs/SECRET.TXT; 6 chunk(s) remain
[link] closing: 6 chunk(s), 1 revoked document(s)
[kernel] pid 342 'bin/spacelink' exited with code 0
[kernel] spawn pid 343 'bin/spacelink': entry=0x4066d4, 32 pages mapped, quota 256 pages, interactive
[link] SpaceLink service, ABI v0
[link] operator attached, ABI v0
[link] 1 revocation(s) loaded from disk
[link] indexed 3 document(s) into 6 chunk(s) from /spaceos/docs
[link] revocation list cleared
[link] closing: 6 chunk(s), 0 revoked document(s)
[kernel] pid 343 'bin/spacelink' exited with code 0
[init] PASS L02: a revocation outlives the process that made it
[init] --- L03: a context bundle fits its budget, is reproducible and carries provenance
[kernel] spawn pid 344 'bin/spacelink': entry=0x4066d4, 32 pages mapped, quota 256 pages, interactive
[link] SpaceLink service, ABI v0
[link] operator attached, ABI v0
[link] revocation list cleared
[link] indexed 4 document(s) into 7 chunk(s) from /spaceos/docs
[link] bundle for "channel quota": 2 chunk(s), 354 byte(s) of 400 budget
[init] bundle: 2 chunk(s), 354 of 400 bytes
[link] bundle for "channel quota": 2 chunk(s), 354 byte(s) of 400 budget
[link] bundle for "channel quota": 0 chunk(s), 0 byte(s) of 1 budget
[link] revoked /spaceos/docs/SECRET.TXT; 6 chunk(s) remain
[link] bundle for "channel quota": 2 chunk(s), 266 byte(s) of 400 budget
[link] closing: 6 chunk(s), 1 revoked document(s)
[kernel] pid 344 'bin/spacelink' exited with code 0
[init] PASS L03: a context bundle fits its budget, is reproducible and carries provenance
[init] --- L01: a changed file is re-indexed on its own, and the next search answers from the new text
[kernel] spawn pid 345 'bin/spacelink': entry=0x4066d4, 32 pages mapped, quota 256 pages, interactive
[link] SpaceLink service, ABI v0
[link] operator attached, ABI v0
[link] 1 revocation(s) loaded from disk
[link] revocation list cleared
[link] indexed 6 document(s) into 6 chunk(s) from /spaceos/ws
[link] updated /spaceos/ws/FRESH.TXT: 1 chunk(s) from 109 bytes; nothing else was read
[link] updated /spaceos/ws/LATER.TXT: 1 chunk(s) from 68 bytes; nothing else was read
[link] bundle for "harbour": 1 chunk(s), 109 byte(s) of 512 budget
[link] /spaceos/ws/FRESH.TXT unchanged (109 bytes read)
[link] /spaceos/ws/FRESH.TXT cannot be read (message too large); its 1 chunk(s) are dropped
[link] updated /spaceos/ws/FRESH.TXT: 1 chunk(s) from 109 bytes; nothing else was read
[link] revoked /spaceos/ws/LATER.TXT; 5 chunk(s) remain
[link] /spaceos/ws/LATER.TXT is revoked; not read
[init] link: /spaceos/ws/FRESH.TXT changed; re-indexed on its own in 5 ms (109 bytes read); /spaceos/ws/LATER.TXT, changed too, kept its old text until it was named
[link] revocation list cleared
[link] closing: 5 chunk(s), 0 revoked document(s)
[kernel] pid 345 'bin/spacelink' exited with code 0
[init] PASS L01: a changed file is re-indexed on its own, and the next search answers from the new text
[init] --- P01: HMAC-SHA256 matches the RFC 4231 test vectors
[init] PASS P01: HMAC-SHA256 matches the RFC 4231 test vectors
[init] --- P01: packages install only when they authenticate, and a refusal changes nothing
[kernel] spawn pid 346 'bin/spacepkg': entry=0x402e74, 28 pages mapped, quota 256 pages, interactive
[pkg] Space OS package service, ABI v0
[pkg] operator attached, ABI v0, payload limit 64 KiB
[pkg] store loaded from disk: 'demo' version 2, 2 version(s) held
[pkg] store cleared
[pkg] installed 'demo' version 1 (51 bytes), 1 version(s) held
[pkg] installed 'demo' version 2 (62 bytes), 2 version(s) held
[pkg] /spaceos/pkg/badpay.spk: refused, payload does not match its digest (Payload)
[pkg] /spaceos/pkg/forged.spk: refused, authentication failed (Mac)
[pkg] /spaceos/pkg/trunc.spk: refused, package is truncated (Truncated)
[pkg] /spaceos/manifest.txt: refused, not a Space OS package (Format)
[pkg] /spaceos/pkg/demo1.spk: verified 'demo' version 1 (51 bytes)
[pkg] closing with 2 version(s) held
[kernel] pid 346 'bin/spacepkg' exited with code 0
[init] PASS P01: packages install only when they authenticate, and a refusal changes nothing
[init] --- P01: an install outlives the process that performed it
[kernel] spawn pid 347 'bin/spacepkg': entry=0x402e74, 28 pages mapped, quota 256 pages, interactive
[pkg] Space OS package service, ABI v0
[pkg] operator attached, ABI v0, payload limit 64 KiB
[pkg] store loaded from disk: 'demo' version 2, 2 version(s) held
[pkg] store cleared
[pkg] installed 'demo' version 1 (51 bytes), 1 version(s) held
[pkg] closing with 1 version(s) held
[kernel] pid 347 'bin/spacepkg' exited with code 0
[kernel] spawn pid 348 'bin/spacepkg': entry=0x402e74, 28 pages mapped, quota 256 pages, interactive
[pkg] Space OS package service, ABI v0
[pkg] operator attached, ABI v0, payload limit 64 KiB
[pkg] store loaded from disk: 'demo' version 1, 1 version(s) held
[pkg] store cleared
[pkg] closing with 0 version(s) held
[kernel] pid 348 'bin/spacepkg' exited with code 0
[init] PASS P01: an install outlives the process that performed it
[init] --- P01: rollback returns the previous version, and only as far as the history goes
[kernel] spawn pid 349 'bin/spacepkg': entry=0x402e74, 28 pages mapped, quota 256 pages, interactive
[pkg] Space OS package service, ABI v0
[pkg] operator attached, ABI v0, payload limit 64 KiB
[pkg] store cleared
[pkg] installed 'demo' version 1 (51 bytes), 1 version(s) held
[pkg] installed 'demo' version 2 (62 bytes), 2 version(s) held
[pkg] /spaceos/pkg/demo1.spk: refused, version 1 is not newer than the installed 2
[pkg] rolled back 'demo' from version 2 to 1
[pkg] rollback refused: no earlier version is held
[pkg] installed 'demo' version 2 (62 bytes), 2 version(s) held
[pkg] closing with 2 version(s) held
[kernel] pid 349 'bin/spacepkg' exited with code 0
[init] PASS P01: rollback returns the previous version, and only as far as the history goes
[init] --- T01: a task left running before this boot is still there, and its open effect needs reconciliation
[kernel] spawn pid 350 'bin/spacetask': entry=0x407974, 33 pages mapped, quota 256 pages, interactive
[task] Space OS Task Service, ABI v0
[task] task 395 'reboot probe' was running: now needs_reconciliation
[task] journal /spaceos/var/tasks1.log (epoch 16): 413 record(s), 0 damaged and skipped, 64 task(s), 1 settled after a restart
[init] tasks: task 395 from the previous boot was needs_reconciliation with effect 'probe-pass-1' open (checkpoint 'half way'): service restarted; effect 'probe-pass-1' may or may not have happened; the user said it never happened: failed
[task] closing: 64 task(s) kept in the journal
[kernel] pid 350 'bin/spacetask' exited with code 0
[init] PASS T01: a task left running before this boot is still there, and its open effect needs reconciliation
[init] --- T01: a task outlives the session that made it
[kernel] spawn pid 351 'bin/spacetask': entry=0x407974, 33 pages mapped, quota 256 pages, interactive
[task] Space OS Task Service, ABI v0
[task] journal /spaceos/var/tasks1.log (epoch 16): 416 record(s), 0 damaged and skipped, 64 task(s), 0 settled after a restart
[init] tasks: task 396 'write the weekly report' outlived the session that made it: paused in the next one (the window was closed to come back later), owner user, workspace /spaceos/ws; resumed and cancelled there
[task] closing: 64 task(s) kept in the journal
[kernel] pid 351 'bin/spacetask' exited with code 0
[init] PASS T01: a task outlives the session that made it
[init] --- T01: every transition is kept with its reason, time and actor, and a restarted service gives the task back
[kernel] spawn pid 352 'bin/spacetask': entry=0x407974, 33 pages mapped, quota 256 pages, interactive
[task] Space OS Task Service, ABI v0
[task] journal /spaceos/var/tasks1.log (epoch 16): 422 record(s), 0 damaged and skipped, 64 task(s), 0 settled after a restart
[task] journal compacted into /spaceos/var/tasks0.log (epoch 17): 422 record(s) became 139
[task] closing: 64 task(s) kept in the journal
[kernel] pid 352 'bin/spacetask' exited with code 0
[kernel] spawn pid 353 'bin/spacetask': entry=0x407974, 33 pages mapped, quota 256 pages, interactive
[task] Space OS Task Service, ABI v0
[task] journal /spaceos/var/tasks0.log (epoch 17): 146 record(s), 0 damaged and skipped, 64 task(s), 0 settled after a restart
[init] tasks: task 397 after a restart: succeeded, 6 records read back from the journal; transitions: running by service (dispatched: attempt 1 of 3); waiting_approval by agent (about to delete 12 files); running by user (approved: the 12 files are duplicates); succeeded by agent (12 duplicates deleted)
[task] closing: 64 task(s) kept in the journal
[kernel] pid 353 'bin/spacetask' exited with code 0
[init] PASS T01: every transition is kept with its reason, time and actor, and a restarted service gives the task back
[init] --- T01: a record cut short by a crash is skipped, and what is written after it is kept
[kernel] spawn pid 354 'bin/spacetask': entry=0x407974, 33 pages mapped, quota 256 pages, interactive
[task] Space OS Task Service, ABI v0
[task] journal /spaceos/var/tasks0.log (epoch 17): 146 record(s), 0 damaged and skipped, 64 task(s), 0 settled after a restart
[task] journal compacted into /spaceos/var/tasks1.log (epoch 18): 146 record(s) became 140
[task] closing: 64 task(s) kept in the journal
[kernel] pid 354 'bin/spacetask' exited with code 0
[kernel] spawn pid 355 'bin/spacetask': entry=0x407974, 33 pages mapped, quota 256 pages, interactive
[task] Space OS Task Service, ABI v0
[task] journal /spaceos/var/tasks1.log (epoch 18): 142 record(s), 1 damaged and skipped, 64 task(s), 0 settled after a restart
[task] closing: 64 task(s) kept in the journal
[kernel] pid 355 'bin/spacetask' exited with code 0
[kernel] spawn pid 356 'bin/spacetask': entry=0x407974, 33 pages mapped, quota 256 pages, interactive
[task] Space OS Task Service, ABI v0
[task] journal /spaceos/var/tasks1.log (epoch 18): 146 record(s), 1 damaged and skipped, 64 task(s), 0 settled after a restart
[init] tasks: 60 bytes of a record at byte 18304 of /spaceos/var/tasks1.log were skipped (1 damaged record(s) seen); task 398 stayed queued, and task 399 written after the tear came back after a restart
[task] closing: 64 task(s) kept in the journal
[kernel] pid 356 'bin/spacetask' exited with code 0
[init] PASS T01: a record cut short by a crash is skipped, and what is written after it is kept
[init] --- T01: the journal is compacted into its other file, and a compaction cut short changes nothing
[kernel] spawn pid 357 'bin/spacetask': entry=0x407974, 33 pages mapped, quota 256 pages, interactive
[task] Space OS Task Service, ABI v0
[task] journal /spaceos/var/tasks1.log (epoch 18): 146 record(s), 1 damaged and skipped, 64 task(s), 0 settled after a restart
[task] journal compacted into /spaceos/var/tasks0.log (epoch 19): 151 record(s) became 141
[task] closing: 64 task(s) kept in the journal
[kernel] pid 357 'bin/spacetask' exited with code 0
[kernel] spawn pid 358 'bin/spacetask': entry=0x407974, 33 pages mapped, quota 256 pages, interactive
[task] Space OS Task Service, ABI v0
[task] journal /spaceos/var/tasks0.log (epoch 19): 141 record(s), 0 damaged and skipped, 64 task(s), 0 settled after a restart
[task] closing: 64 task(s) kept in the journal
[kernel] pid 358 'bin/spacetask' exited with code 0
[kernel] spawn pid 359 'bin/spacetask': entry=0x407974, 33 pages mapped, quota 256 pages, interactive
[task] Space OS Task Service, ABI v0
[task] journal /spaceos/var/tasks0.log (epoch 19): 141 record(s), 0 damaged and skipped, 64 task(s), 0 settled after a restart
[init] tasks: journal compacted from /spaceos/var/tasks1.log (19456 bytes) into /spaceos/var/tasks0.log (epoch 19, 18176 bytes) with task 400 still paused; a compaction cut short before its header was ignored
[task] closing: 64 task(s) kept in the journal
[kernel] pid 359 'bin/spacetask' exited with code 0
[init] PASS T01: the journal is compacted into its other file, and a compaction cut short changes nothing
[init] --- T01: unfinished tasks fill the table only so far, and a finished one makes room
[kernel] spawn pid 360 'bin/spacetask': entry=0x407974, 33 pages mapped, quota 256 pages, interactive
[task] Space OS Task Service, ABI v0
[task] journal /spaceos/var/tasks0.log (epoch 19): 142 record(s), 0 damaged and skipped, 64 task(s), 0 settled after a restart
[init] tasks: 64 unfinished tasks filled the table and the next was refused (quota exceeded); when one finished, task 465 took its place (64 held)
[task] closing: 64 task(s) kept in the journal
[kernel] pid 360 'bin/spacetask' exited with code 0
[init] PASS T01: unfinished tasks fill the table only so far, and a finished one makes room
[init] --- T02: an effect open when the service went away needs reconciliation, and nothing retries it blind
[kernel] spawn pid 361 'bin/spacetask': entry=0x407974, 33 pages mapped, quota 256 pages, interactive
[task] Space OS Task Service, ABI v0
[task] journal /spaceos/var/tasks0.log (epoch 19): 337 record(s), 0 damaged and skipped, 64 task(s), 0 settled after a restart
[kernel] pid 361 'bin/spacetask' killed (killed, addr 0x0)
[kernel] spawn pid 362 'bin/spacetask': entry=0x407974, 33 pages mapped, quota 256 pages, interactive
[task] Space OS Task Service, ABI v0
[task] task 466 'send the invoice to the customer' was running: now needs_reconciliation
[task] journal /spaceos/var/tasks0.log (epoch 19): 342 record(s), 0 damaged and skipped, 64 task(s), 1 settled after a restart
[init] tasks: task 466 was running with effect 'invoice-2026-10-mail' open when its service was killed; after the restart it was needs_reconciliation (service restarted; effect 'invoice-2026-10-mail' may or may not have happened), and nothing dispatched or retried it until the user said it never happened; attempt 2 sent it once
[task] closing: 64 task(s) kept in the journal
[kernel] pid 362 'bin/spacetask' exited with code 0
[init] PASS T02: an effect open when the service went away needs reconciliation, and nothing retries it blind
[init] --- T02: a failed attempt is retried after a doubling backoff, and not past the last attempt
[kernel] spawn pid 363 'bin/spacetask': entry=0x407974, 33 pages mapped, quota 256 pages, interactive
[task] Space OS Task Service, ABI v0
[task] journal /spaceos/var/tasks0.log (epoch 19): 349 record(s), 0 damaged and skipped, 64 task(s), 0 settled after a restart
[init] tasks: task 467 failed three times: attempts 2 and 3 came 103 ms (backoff 100) and 204 ms (backoff 200); then it failed for good: the rate server answered 503; attempt 3 of 3, none left
[task] closing: 64 task(s) kept in the journal
[kernel] pid 363 'bin/spacetask' exited with code 0
[init] PASS T02: a failed attempt is retried after a doubling backoff, and not past the last attempt
[init] --- T02: a worker that gives up with an effect open leaves the task to reconciliation, not to a retry
[kernel] spawn pid 364 'bin/spacetask': entry=0x407974, 33 pages mapped, quota 256 pages, interactive
[task] Space OS Task Service, ABI v0
[task] journal /spaceos/var/tasks0.log (epoch 19): 357 record(s), 0 damaged and skipped, 64 task(s), 0 settled after a restart
[init] tasks: task 468 failed with effect 'upload-photos-batch-7' open: needs_reconciliation (the connection dropped mid-upload; effect 'upload-photos-batch-7' unconfirmed); the user confirmed it, and attempt 2 finished without uploading again
[task] closing: 64 task(s) kept in the journal
[kernel] pid 364 'bin/spacetask' exited with code 0
[init] PASS T02: a worker that gives up with an effect open leaves the task to reconciliation, not to a retry
[init] --- G02: Stop stops dispatch within 1 s, the workers stop their tasks, queued tasks are held and done effects counted
[kernel] spawn pid 365 'bin/spacetask': entry=0x407974, 33 pages mapped, quota 256 pages, interactive
[task] Space OS Task Service, ABI v0
[task] journal /spaceos/var/tasks0.log (epoch 19): 368 record(s), 0 damaged and skipped, 64 task(s), 0 settled after a restart
[kernel] spawn pid 366 'bin/taskworker': entry=0x401720, 25 pages mapped, quota 128 pages, background
[kernel] spawn pid 367 'bin/taskworker': entry=0x401720, 25 pages mapped, quota 128 pages, background
[kernel] pid 367 'bin/taskworker' exited with code 0
[kernel] pid 366 'bin/taskworker' exited with code 0
[init] tasks: Stop stopped dispatch in 5 ms (the next claim: denied); 2 running tasks were asked, 2 queued ones held, not cancelled; both workers stopped their tasks 38 ms after Stop, with 3 effect(s) already done and kept
[task] closing: 64 task(s) kept in the journal
[kernel] pid 365 'bin/spacetask' exited with code 0
[init] PASS G02: Stop stops dispatch within 1 s, the workers stop their tasks, queued tasks are held and done effects counted
[init] --- G02: a worker that does not stop is ended after 2 s, and its task is not shown as cancelled
[kernel] spawn pid 368 'bin/spacetask': entry=0x407974, 33 pages mapped, quota 256 pages, interactive
[task] Space OS Task Service, ABI v0
[task] journal /spaceos/var/tasks0.log (epoch 19): 401 record(s), 0 damaged and skipped, 64 task(s), 0 settled after a restart
[kernel] spawn pid 369 'bin/taskworker': entry=0x401720, 25 pages mapped, quota 128 pages, background
[kernel] pid 369 'bin/taskworker' killed (killed, addr 0x0)
[init] tasks: a worker that did not stop was killed 2013 ms after Stop; its task became needs_reconciliation, not cancelled: effect 'charge-card-473' may have happened; given up, it is cancelled with that effect still unconfirmed
[task] closing: 64 task(s) kept in the journal
[kernel] pid 368 'bin/spacetask' exited with code 0
[init] PASS G02: a worker that does not stop is ended after 2 s, and its task is not shown as cancelled
[init] --- T01: a running task with an effect open is left for the next boot to find
[kernel] spawn pid 370 'bin/spacetask': entry=0x407974, 33 pages mapped, quota 256 pages, interactive
[task] Space OS Task Service, ABI v0
[task] journal /spaceos/var/tasks0.log (epoch 19): 408 record(s), 0 damaged and skipped, 64 task(s), 0 settled after a restart
[kernel] pid 370 'bin/spacetask' killed (killed, addr 0x0)
[init] tasks: task 474 left running with effect 'probe-pass-1' open for the next boot to find
[init] PASS T01: a running task with an effect open is left for the next boot to find
[init] skipped: K01 an unmasked SSE exception kills only the process (SIMD floating point): QEMU TCG never raises #XM: it sets the MXCSR flag and carries on
[init] ALL TESTS PASSED (143/143, 1 skipped)
[kernel] shutdown requested by pid 1 'bin/init' with code 0 (uptime 73521 ms, 158179 context switches)
